Source,Target,Weight,
10033465,7045004,0.731059,
10035842,9568894,0.880797,
10037542,9787757,0.999665,
10040960,9787757,0.731059,
10041891,9787757,0.952574,
10045175,9787757,0.952574,
10064545,14169882,0.982014,
10064545,25003905,0.731059,
10064545,27783162,0.982014,
10064545,27788951,0.982014,
10064545,27804716,0.999665,
10064545,27828339,0.993307,
10064545,32024574,0.731059,
10064545,6235174,0.931405,
10064545,757363,0.880797,
10064545,8962829,0.731059,
10064545,9787757,0.731059,
10067157,2410676,0.841816,
10067157,7691631,0.940399,
10067157,9787757,0.731059,
10067157,9996255,0.731059,
10073359,9787757,0.731059,
1009207,9787757,0.731059,
10107472,9787757,0.731059,
10126908,30541396,0.865362,
10126908,9325315,0.952574,
10126908,9787757,0.731059,
10152133,3678731,0.731059,
10153040,4523235,0.880797,
10175031,3594497,0.731059,
10178188,17307763,0.731059,
10178188,9787757,0.993307,
10183514,9787757,0.880797,
1020639,9120498,0.880797,
1020639,9787757,0.731059,
10247874,22642120,0.731059,
10247874,7691631,0.880797,
10256919,38388440,0.731059,
10256919,8043756,0.999877,
10270250,11061773,0.731059,
10270250,29028775,0.880797,
10270250,321278,0.952574,
10270250,9787757,0.952574,
1028340,9787757,0.731059,
10312708,9787757,0.952574,
10320928,37291353,0.731059,
10344201,9787757,0.880797,
10350614,5806776,0.731059,
10350614,9787757,0.731059,
1036336,9787757,0.731059,
10391073,1431547,0.731059,
10391073,15404425,0.731059,
10391073,9787757,0.731059,
1039520,1441734,0.841816,
1039520,9787757,0.731059,
10399273,4723248,0.731059,
10399553,10399273,0.731059,
10431493,8587669,0.731059,
10453695,10664,0.731059,
10453695,1390248,0.841816,
10469184,5806776,0.731059,
10469184,9787757,0.880797,
1049095,2884603,0.731059,
104937,9787757,0.731059,
10533455,929845,0.731059,
10556194,27352490,0.952574,
10579297,39577429,0.731059,
10616272,9787757,0.880797,
1064563,9787757,0.731059,
10653490,1390248,0.731059,
10664,10453695,0.952574,
10664,8587669,0.731059,
10664,9787757,0.731059,
10697582,18460320,0.731059,
10697582,34294743,0.862183,
10697582,9787757,0.731059,
10707658,16297763,0.999089,
10707658,8629417,0.805928,
10707658,9787757,0.731059,
10776021,2560988,0.731059,
10780607,9787757,0.880797,
107872,168370,0.731059,
107872,27,0.880797,
10800667,3989388,0.731059,
10826219,9787757,0.880797,
108278,14132156,0.731059,
108278,17303641,0.731059,
108278,2863853,0.731059,
108278,4056288,0.880797,
108278,5672873,0.731059,
108278,9787757,0.731059,
1084114,19504824,0.731059,
1084114,9787757,0.982014,
10851820,22878143,0.880797,
10851820,29455960,0.993307,
10851820,9787757,0.999665,
10865,8514,0.731059,
10887157,48296,0.731059,
1090311,168370,0.731059,
1090311,20619044,0.731059,
1090311,24636787,0.731059,
1090311,24636789,0.731059,
1090311,25312455,0.731059,
1090311,25312459,0.880797,
1090311,25312483,0.731059,
1090311,34693515,0.805928,
1090311,9787757,0.880797,
10908696,1039520,0.731059,
10908696,16469697,0.731059,
1093228,9787757,0.731059,
10932532,9787757,0.731059,
10932604,9787757,0.731059,
10969551,8711353,1.000000,
10969551,9787757,0.731059,
10975056,9325315,0.731059,
10975056,9787757,0.731059,
10985948,7467217,0.731059,
10995659,9787757,0.731059,
11002815,3080613,0.731059,
11002815,858127,0.880797,
1103054,2183193,0.731059,
1105519,9787757,0.731059,
11061773,16416867,0.841816,
11061773,21273155,0.865507,
11061773,24560307,0.880797,
11061773,31404632,0.880797,
11061773,321278,0.880797,
11061773,3757512,0.856536,
11061773,38386462,0.731059,
11061773,7691631,0.975832,
11061773,9787757,0.880797,
11116372,16386099,0.731059,
11116372,39316027,0.731059,
11116372,9787757,0.731059,
11131631,4524181,0.731059,
11167738,16415622,0.880797,
11167738,23215103,0.731059,
11167738,27442967,0.856536,
11167738,28062827,0.880797,
11167738,5532320,0.731059,
11167738,9787757,0.731059,
11180687,23096959,0.731059,
11180687,9787757,0.731059,
11187998,15426083,0.731059,
11198185,26554,0.731059,
11213384,20580498,0.731059,
11221453,9787757,0.731059,
11225014,13512328,0.731059,
11225014,14169882,0.731059,
11225014,16557832,0.952574,
11225014,2003641,0.939162,
11225014,44848499,0.805928,
11225014,9787757,0.731059,
11264371,9787757,0.731059,
11289812,19205896,0.731059,
11290232,11225014,0.731059,
11290232,23096959,0.731059,
11344473,24468283,0.731059,
11344473,25008788,0.880797,
11344473,27200766,0.880797,
11369603,9787757,0.731059,
11379921,21172715,0.880797,
11391151,33653601,0.952574,
11391151,658518,0.731059,
11396385,25652980,0.880797,
11396385,9787757,0.982014,
11403699,5731348,0.731059,
1142976,25196738,0.731059,
1142976,2634628,0.880797,
11446601,9787757,0.731059,
11450181,481872,0.731059,
1145832,9787757,0.880797,
11461524,21184808,0.731059,
11545371,7177096,0.731059,
11545928,10187082,0.841816,
11545928,14089735,0.731059,
11545928,34876145,0.880797,
11545928,9787757,0.731059,
11551538,14185551,0.731059,
11568417,32944298,0.731059,
11568417,44848499,0.731059,
1157388,9787757,0.731059,
11589713,11225014,0.880797,
11589713,15045751,0.731059,
11589713,17728164,0.880797,
11589713,20580498,0.880797,
11589713,23096959,0.731059,
11589713,45704630,0.731059,
11589713,7691631,0.999665,
11589713,9461481,0.880797,
11589713,9787757,0.731059,
11635422,34105868,0.880797,
11658016,21242339,0.731059,
11667865,9787757,0.731059,
11672345,20929025,0.731059,
11688522,11176360,0.731059,
11688522,34855687,0.952574,
11688522,34856295,0.731059,
11688522,9787757,0.731059,
117302,168370,0.880797,
11730342,167174,0.731059,
11742728,481872,0.952574,
11753734,19008038,0.880797,
11753734,25738703,0.880797,
11753734,9787757,0.731059,
11776720,1103607,0.731059,
11778024,11061773,0.731059,
11778024,26191912,0.731059,
11778024,32033179,0.880797,
11778024,34876145,0.731059,
11778024,9787757,0.731059,
11780463,4365205,0.731059,
11796974,1424470,0.731059,
11796974,23974149,0.731059,
11796974,27783162,0.880797,
11796974,27828339,0.880797,
11796974,714074,0.880797,
11796974,952189,0.880797,
11803168,11855195,0.952574,
1181927,14531737,0.880797,
1181927,14981376,0.731059,
1181927,206084,0.731059,
1181927,9787757,1.000000,
11851236,9787757,0.731059,
11855007,11855195,0.952574,
11855195,11803168,0.731059,
11888510,9787757,0.731059,
11896413,2163263,0.731059,
11909121,9787757,0.731059,
11921752,9787757,0.731059,
11921791,14445965,0.731059,
11924873,9787757,0.952574,
11924937,11921791,0.731059,
11931032,9787757,0.982014,
11935993,2165383,0.880797,
11939484,11403699,0.731059,
11939484,15778059,0.731059,
11939484,206084,0.731059,
11939484,31873557,0.731059,
11939484,9787757,0.731059,
11949423,9787757,0.731059,
11980558,65252,0.731059,
11994902,23096959,0.731059,
119955,168370,0.731059,
1200050,25993378,0.731059,
1200050,7613257,0.731059,
1200050,9787757,0.731059,
12038459,9787757,0.731059,
12048721,9787757,0.731059,
12067406,7792553,0.731059,
1210071,7691631,0.731059,
1210071,9787757,0.731059,
1211978,3812481,0.805928,
1211978,9384267,0.731059,
12127251,9787757,0.880797,
12136863,9787757,0.880797,
12146969,20775600,0.999089,
12164369,9787757,0.731059,
1217614,9787757,0.731059,
1217831,23096959,0.731059,
1219074,9787757,0.731059,
12204593,9787757,0.731059,
12225546,23096959,0.805928,
12225546,9787757,0.731059,
12243435,34876145,0.731059,
12244838,9787757,0.880797,
12256376,14562056,0.999998,
12256376,19716234,0.731059,
12256376,30084005,0.731059,
12256376,9787757,0.731059,
12278235,19382615,0.731059,
12296490,9787757,0.982014,
12310030,9787757,0.731059,
123299,6884828,0.982014,
12357974,11403699,0.731059,
12359519,9887009,0.731059,
12380069,9787757,0.880797,
12387090,33653601,0.731059,
12418525,6358188,0.731059,
12418999,23096959,0.731059,
12445598,3016562,0.999665,
12446895,9787757,0.731059,
12450349,596892,0.731059,
12467623,7691631,0.731059,
12498335,9787757,0.982014,
12499251,4950187,0.731059,
12499251,9787757,0.731059,
12511640,9787757,0.731059,
1252,447184,0.731059,
1252,9787757,0.731059,
1254497,9787757,0.999877,
12574344,9787757,0.997527,
12584841,9787757,0.731059,
12590126,28924109,0.731059,
12601374,29028775,0.952574,
12646044,4297273,0.731059,
12658090,34068092,0.731059,
12670444,9787757,0.880797,
1267320,34876145,0.731059,
12708085,15901046,0.731059,
12710059,9787757,0.731059,
1272666,9787757,0.731059,
12756992,5108029,0.731059,
12756992,5108051,0.731059,
1276752,9787757,0.731059,
12785038,6452529,0.731059,
12791642,21233191,0.990839,
12791642,9787757,0.880797,
1283503,9787757,0.952574,
1284185,9787757,0.731059,
128476,9787757,0.993307,
12877731,8266573,0.731059,
1287859,2996011,0.975832,
12886172,11124336,0.731059,
12888993,38982731,0.982014,
12892263,13345709,0.731059,
12892263,25003905,0.731059,
12892263,9787757,0.880797,
12912885,9787757,0.731059,
12915119,488514,0.880797,
12926963,18825519,0.731059,
129582,43371,0.731059,
12970971,9787757,0.731059,
12977854,9384267,0.731059,
12983151,9787757,0.731059,
1301745,1632976,0.880797,
1301745,9787757,0.731059,
1302990,29728425,0.731059,
13049233,4025121,0.731059,
13049233,9787757,0.731059,
13078968,22498444,0.731059,
13078968,321278,0.731059,
13078968,42318856,0.731059,
13078968,9787757,0.731059,
13080550,9787757,0.880797,
1312351,9787757,0.731059,
13124802,23096959,0.952574,
13124802,47372003,0.805928,
13124802,9787757,0.952574,
13127985,1200050,0.731059,
132108,417389,0.880797,
13220460,9787757,0.880797,
13221727,15884459,0.731059,
13221727,858127,0.731059,
13230665,29436244,0.731059,
13234395,9787757,0.982014,
13279839,10391073,0.731059,
13305534,9787757,0.880797,
13345709,38982731,0.731059,
13346571,9787757,0.999983,
13347640,21679569,0.972941,
13347640,238972,0.880797,
13347640,238986,0.880797,
13347640,363387,0.952574,
13347640,9787757,0.999877,
13384052,15155534,0.805928,
13384052,4648505,0.880797,
13384052,9787757,0.731059,
13392416,9787757,0.880797,
13410867,597879,0.731059,
13421878,20390951,0.805928,
13421878,4597760,0.731059,
13429048,14169882,0.731059,
13512328,11225014,0.731059,
13512328,9787757,0.997527,
13525050,3342046,0.880797,
13527761,9787757,0.731059,
13567873,6094683,0.731059,
13576006,9787757,0.982014,
13591023,7470534,0.731059,
13599100,25003905,0.880797,
13599100,5532320,0.880797,
13599100,9787757,0.880797,
13617177,12418999,0.731059,
13619340,23774298,0.880797,
1362490,1778471,0.731059,
1362490,2410676,0.999983,
1362490,3060959,0.731059,
1362490,931135,0.990839,
1362490,9787757,0.731059,
13631558,9787757,0.731059,
13633443,24795646,0.731059,
13633443,9787757,0.731059,
13671114,15508537,0.731059,
13672849,9787757,0.731059,
13695735,20092180,0.731059,
13729434,9787757,0.880797,
13739356,9787757,0.731059,
13744591,9787757,0.952574,
13753636,19238853,0.880797,
13753636,2055965,0.731059,
13753636,6296790,0.731059,
13779937,6604361,0.731059,
137805,9787757,0.731059,
1380117,9787757,0.731059,
13807606,9787757,0.731059,
13815852,9787757,0.731059,
1381673,9787757,0.731059,
13824123,9787757,0.731059,
1382471,9787757,0.731059,
138312,3672542,0.731059,
1385122,11391151,0.805928,
1385122,1446467,0.731059,
1385122,1460385,0.880797,
1385122,2081289,0.731059,
1385122,28710753,0.731059,
1385122,4704710,0.731059,
1385122,9787757,0.731059,
1390248,206084,0.731059,
1390248,263379,0.880797,
1390248,481872,0.731059,
1390248,9787757,0.880797,
13911118,6804324,0.731059,
13934856,6607925,0.999665,
13934856,6660536,0.731059,
14003349,9787757,0.880797,
14037931,6093316,0.880797,
14051004,9787757,0.880797,
14087781,9787757,0.731059,
14089735,12570984,0.731059,
14089735,2672652,0.731059,
14089735,321278,0.952574,
14089735,7691631,0.731059,
14089735,9787757,0.731059,
14105478,9787757,0.952574,
14116604,9787757,0.880797,
14119537,10066825,0.731059,
14120618,35310228,0.731059,
14125254,13124802,0.805928,
14125254,9787757,0.731059,
14132156,17303641,0.731059,
14145700,23623214,0.731059,
14151539,9787757,0.731059,
14159669,3623050,0.982014,
14159669,6498492,0.865074,
14169882,13429048,1.000000,
14169882,9568894,0.856536,
14169882,9787757,0.880797,
14186284,597879,0.731059,
14189339,9384267,0.731059,
1419138,9787757,0.731059,
14204295,9580168,0.731059,
14204295,9787757,0.982014,
14211461,11939484,0.731059,
14216341,13124802,0.731059,
14225208,16185172,0.952574,
14225208,17620347,0.952574,
14225208,21449162,0.731059,
14225208,29996513,0.731059,
14225208,5952670,0.880797,
14225208,9787757,0.952574,
14238949,9787757,0.731059,
1424470,10247874,0.916686,
1424470,14169882,0.805928,
1424470,25126616,0.880797,
1424470,4268140,0.880797,
1424470,9787757,0.731059,
14247166,10247874,0.731059,
14294585,30388450,0.731059,
14294585,4176043,0.731059,
14299077,9787757,0.731059,
1431547,9787757,0.731059,
143580,12442243,0.880797,
143580,286516,0.952574,
143580,6862780,0.731059,
143580,7691631,0.864293,
143580,9787757,0.731059,
1440272,14430294,0.731059,
14410778,13124802,0.731059,
14430294,14132156,0.731059,
14430294,17303641,0.731059,
14430294,32405591,0.805928,
14430294,33052709,0.731059,
14430294,39073784,0.731059,
14430294,9787757,0.880797,
14445965,11921791,0.731059,
14448779,2081289,0.999089,
14448779,28710753,0.731059,
14448779,33653601,0.999829,
1446467,206084,0.880797,
1446467,9787757,0.731059,
1446467,9998516,0.805928,
14507,8514,0.731059,
1451352,6094683,0.805928,
1451352,8962829,0.731059,
1451352,9787757,0.731059,
14514251,1181927,0.731059,
14531737,1181927,0.952574,
14536054,17453060,0.731059,
14536054,18410674,0.731059,
14536054,355634,0.731059,
14562056,19076737,0.880797,
14562056,32353854,0.731059,
14562056,34876145,0.999999,
1460385,28710753,0.731059,
1460385,9787757,0.880797,
1466080,9787757,0.731059,
14663768,9787757,0.880797,
14712850,17089728,0.731059,
14712850,2935735,0.841816,
14712850,9787757,0.982014,
14724975,9787757,0.731059,
14735429,9787757,0.731059,
14747279,9787757,0.731059,
14757566,9252533,0.731059,
14757903,9787757,0.880797,
14789533,13753636,0.731059,
14812631,9787757,0.731059,
148848,17303641,0.731059,
14895592,23404839,0.880797,
1489635,27790033,0.731059,
14909673,19864741,0.731059,
14936840,24560307,0.731059,
149696,17303641,0.731059,
14982460,9787757,0.731059,
14993021,1385122,0.880797,
14993021,33653617,0.731059,
14993021,33689746,0.731059,
1501888,9787757,0.731059,
15045751,10247874,0.731059,
15045751,19360616,0.731059,
15045751,22642120,0.731059,
15045751,27494663,0.952574,
15045751,31046054,0.731059,
15045751,7691631,0.731059,
15045751,9787757,0.731059,
15062869,9787757,0.731059,
1507818,35312458,0.731059,
15090814,9787757,0.880797,
15111821,13124802,0.952574,
15111821,4254338,0.731059,
15145867,9787757,0.880797,
15155534,46474436,0.731059,
1516094,9787757,0.880797,
15168264,9787757,0.952574,
15189073,1446467,0.805928,
15189073,5298790,0.880797,
1520275,614070,0.731059,
15233168,32885727,0.731059,
15241331,501687,0.731059,
15309233,26229585,0.731059,
15309233,3678731,0.967294,
153204,9787757,0.731059,
15330613,18929235,0.731059,
15337722,9787757,0.952574,
15350898,36837280,0.982014,
15350898,9787757,0.731059,
15355019,11167738,0.880797,
15355019,9787757,0.731059,
15382297,18802640,0.731059,
15382297,6670942,0.731059,
15388290,7691631,0.982014,
15404425,10391073,0.731059,
15426083,20460946,0.880797,
15426083,46865435,0.731059,
15426083,9787757,0.731059,
15452919,9787757,0.731059,
15467734,24195339,0.731059,
15480067,9787757,0.880797,
1549395,3195124,0.731059,
1549395,33644564,0.880797,
1549395,9787757,0.731059,
1549991,28221116,0.952574,
15508537,7691631,0.731059,
15510233,15510254,0.952574,
15510233,15510373,0.880797,
15510233,2129739,0.841816,
15510233,4176043,0.916686,
15510233,9787757,0.997527,
15510254,15510233,0.731059,
15510373,15510233,0.999089,
15515181,9787757,0.731059,
15536087,26229585,0.731059,
15581687,9787757,0.731059,
15584464,23096959,0.731059,
15647808,11924937,0.952574,
15653572,8049897,0.731059,
15693680,36960321,0.880797,
15693680,9787757,0.731059,
15728293,31873557,0.731059,
15778059,11939484,0.731059,
15778059,9787757,0.731059,
15778981,24650339,0.731059,
1577990,8514,0.880797,
15800559,9517720,0.731059,
15800559,9787757,0.731059,
15836199,14993021,0.865529,
15836199,33744138,0.880797,
15836812,3757512,0.731059,
15838785,9787757,0.982014,
15846674,11061773,0.982014,
15884459,13221727,0.731059,
15901046,25252102,0.731059,
15901046,507775,0.731059,
15901046,9750588,0.731059,
15907354,9257808,0.731059,
15907354,9787757,0.731059,
15921481,2540368,0.731059,
15947557,9787757,0.731059,
15974409,2508083,0.952574,
15974409,9787757,0.731059,
1599151,9787757,0.731059,
1599397,9787757,0.880797,
16008423,3149845,0.805928,
16008423,6235174,0.731059,
16008423,9787757,0.731059,
16029103,9787757,0.731059,
16068616,9787757,0.731059,
16152925,9787757,0.880797,
16165969,11939484,0.731059,
16165969,9787757,0.731059,
16174770,17592572,0.731059,
16174770,40212760,0.805928,
16176198,27441121,0.731059,
16180304,36371959,0.731059,
16180517,36371959,0.880797,
16180517,5952670,0.880797,
16180517,9787757,0.731059,
16184890,9787757,0.731059,
16185172,13124802,0.841816,
16185172,14225208,0.880797,
16185172,17620347,0.731059,
16185172,21449162,0.952574,
16203458,35786536,0.731059,
16219318,9787757,0.997527,
16241224,2228226,0.805928,
16241224,25126616,0.731059,
16243570,65252,0.731059,
16257813,9787757,0.731059,
16286131,2203645,0.952574,
16286131,2725544,0.731059,
16286131,7363211,0.967294,
16286131,8629417,0.952574,
16286131,9787757,0.952574,
16297763,10707658,0.731059,
16297763,18460320,0.996198,
16297763,9787757,0.731059,
16298112,919161,0.731059,
16328098,24560307,0.731059,
16349163,9787757,0.731059,
16366081,9252533,0.731059,
16384837,19939216,0.731059,
16384837,6543378,0.731059,
16384837,728994,0.952574,
16384837,9787757,0.731059,
16386099,34876145,0.880797,
16396294,34230966,0.880797,
16396294,9787757,0.731059,
16415622,28062827,0.731059,
16416867,1441734,0.880797,
16469697,1039520,0.731059,
16469697,10908696,0.880797,
16501535,34876145,0.731059,
16523688,11778024,0.731059,
16554739,33370332,0.952574,
16557832,16557964,0.731059,
16557964,16557832,0.952574,
16563587,11225014,0.952574,
16584540,9787757,0.880797,
16607898,9787757,0.952574,
16652218,9787757,0.731059,
16665655,26845993,0.731059,
16665655,321278,0.952574,
16665655,4128353,0.880797,
16665655,9787757,0.731059,
16688238,16691792,0.731059,
16688238,3565779,0.805928,
16691792,16688238,0.982014,
16691792,21386310,0.731059,
16691792,33112318,0.731059,
16691792,4128353,0.731059,
167174,11969507,0.731059,
167174,9787757,0.952574,
16745868,9787757,0.731059,
16746795,2129739,0.731059,
16746795,24325875,0.731059,
16752620,23096959,0.731059,
16764080,9787757,0.731059,
16819795,11778024,0.731059,
16819795,9787757,0.880797,
16831466,10969551,0.865074,
16831466,8711353,0.997527,
16831760,203666,0.952574,
168370,107872,0.880797,
168370,117302,0.731059,
168370,34856295,0.805928,
168370,48296,0.864293,
168370,8514,0.731059,
168370,9787757,0.880797,
16843183,9787757,0.731059,
16851127,24773848,0.880797,
16851127,4025121,0.731059,
16865424,2189967,0.731059,
16924500,2968000,0.731059,
1695405,23652126,0.731059,
1695406,23652126,0.731059,
16963741,14241623,0.731059,
16994115,30985840,0.731059,
16999953,9787757,0.880797,
17003578,596892,0.731059,
17049596,9787757,0.731059,
17075030,9787757,0.731059,
17084864,15508537,0.731059,
17084864,9787757,0.731059,
17085014,2935735,0.731059,
17089728,14712850,0.731059,
17089728,23096959,0.731059,
17089728,9787757,0.731059,
17132838,16191201,0.952574,
17132838,9887009,0.880797,
17155108,1090311,0.880797,
17157565,2729788,0.880797,
17163720,3606738,0.731059,
17163720,931135,0.880797,
17163720,9787757,0.731059,
1717192,446086,0.731059,
1725199,9787757,0.731059,
17286587,9787757,0.731059,
17301522,9787757,0.952574,
17303641,488514,0.731059,
17303641,7253769,0.731059,
17303641,9787757,0.731059,
17307763,3594497,0.805928,
17327535,65252,0.731059,
17372733,18997610,0.731059,
17372733,19390712,0.880797,
17372733,9787757,0.731059,
17374588,17374628,0.731059,
17374588,19097645,0.993307,
17374588,3149845,0.982014,
17374588,5474834,0.880797,
17374588,7789923,0.731059,
17374628,17374588,0.997527,
17374628,19097645,0.731059,
17386215,34068092,0.731059,
17417350,34294743,0.731059,
17448603,34876145,0.731059,
17453060,14536054,0.880797,
17453060,18410674,0.731059,
17458040,9787757,0.880797,
1748738,8514,0.731059,
17508889,3594497,0.731059,
17528018,40212760,0.997527,
17558946,9787757,0.731059,
17592572,11939484,0.731059,
17592572,16174770,0.880797,
17620347,16185172,0.841816,
17620347,21449162,0.731059,
17620347,9787757,0.731059,
17645158,9393759,0.731059,
17671906,9787757,0.731059,
17689377,321278,0.731059,
17728164,27576132,0.731059,
17728164,9787757,0.731059,
17761383,3877327,0.731059,
17762549,15388290,0.731059,
1778471,1362490,0.880797,
17788368,9787757,0.731059,
17803236,17728164,0.731059,
17815037,9787757,0.731059,
17832726,10664,0.731059,
17832726,9787757,0.731059,
1784628,9787757,0.731059,
1787757,9787757,0.731059,
17912002,9787757,0.731059,
17919669,9787757,0.731059,
17923502,9787757,0.731059,
17925227,23127683,0.731059,
17930752,9787757,0.880797,
17950592,9787757,0.731059,
17956128,9787757,1.000000,
17958761,21915931,0.952574,
1797133,8514,0.880797,
1801829,14089735,0.952574,
1801829,22767401,0.731059,
1801829,2649031,0.731059,
1801829,8921879,0.731059,
18023059,23086156,0.952574,
18026324,9787757,0.731059,
18031064,843222,0.731059,
18033628,11167738,0.731059,
18045013,1200050,0.731059,
18113139,2081289,0.880797,
1811965,10664,0.731059,
1811965,7639232,0.731059,
18128548,7691631,0.952574,
18135369,3807749,0.731059,
18165661,9787757,0.880797,
18188537,7512484,0.880797,
18193978,26820798,0.731059,
18196184,12256376,0.731059,
18198033,2296970,0.731059,
18219900,9787757,0.731059,
18225913,19272315,0.731059,
18225913,9787757,0.731059,
18238828,20415251,0.731059,
18248068,8514,0.880797,
18292022,9787757,0.731059,
18304157,1084114,0.731059,
18342541,17668033,0.731059,
18342541,9787757,0.731059,
18388099,5710341,0.731059,
18399519,15510233,0.841816,
18399519,22137709,0.731059,
18399519,23540628,0.731059,
18399519,29688210,0.731059,
18399519,39003227,0.931405,
18402447,16286131,0.731059,
18402447,8629417,0.880797,
18409797,17303641,0.731059,
18409797,9787757,0.731059,
18410674,14536054,0.880797,
18410674,17453060,0.880797,
18410674,19285766,0.731059,
18421590,37232897,0.731059,
18421590,9787757,0.993307,
18430752,16607898,0.731059,
184460,735498,0.731059,
184460,873328,0.731059,
18450862,17303641,0.731059,
18451775,17303641,0.731059,
18454064,7530570,0.880797,
18477927,9384267,0.731059,
18525395,7530570,0.731059,
18529961,9787757,0.880797,
18533350,9787757,0.880797,
18566373,9787757,0.999089,
1857825,9787757,0.880797,
18633326,3877327,0.880797,
18708438,41607866,0.731059,
18777006,36463164,0.731059,
18802640,6235174,0.880797,
18818187,9787757,0.880797,
18825519,3214406,0.731059,
18825519,9787757,0.731059,
18830277,9500075,0.880797,
18863040,521583,0.731059,
18889409,9787757,0.731059,
18891741,37489525,0.731059,
1893681,43371,0.731059,
18997610,17372733,0.841816,
18997610,19390712,0.731059,
18997610,9787757,0.731059,
19006435,9787757,0.731059,
19008038,11753734,0.731059,
19008038,25738703,0.731059,
19008038,35911376,0.731059,
19008038,481872,0.805928,
19014728,3594497,0.731059,
19030795,3594497,0.731059,
19031487,9787757,1.000000,
19076737,9207280,0.880797,
19097645,17374588,0.731059,
19097645,17374628,0.731059,
19097645,2729788,0.731059,
19099484,9787757,0.731059,
19117456,10270250,0.731059,
19133426,19014728,0.731059,
19133426,3594497,0.731059,
19141754,9787757,0.731059,
19141770,9787757,0.731059,
19147632,10697582,0.731059,
19149794,23229746,0.731059,
19205896,23096959,0.731059,
19206385,9787757,0.731059,
1920851,9787757,0.731059,
19257170,9787757,0.731059,
19272315,18225913,1.000000,
19272315,2296970,0.805928,
19272315,27452807,0.731059,
19272315,9787757,0.731059,
19289265,9787757,0.731059,
19292203,2067253,0.880797,
19294390,9787757,0.731059,
19321290,9325315,0.731059,
19323986,13124802,0.731059,
19360616,14125254,0.731059,
19360616,15388290,0.731059,
19360616,17053199,0.862183,
19360616,27494663,0.982014,
19360616,31046054,0.731059,
19360616,36960321,0.880797,
19360616,37093142,0.731059,
19360616,7691631,0.999955,
19360616,9787757,0.731059,
19383624,1390248,0.952574,
19387849,14135470,0.880797,
19387849,43506004,0.999955,
19387849,4978045,0.731059,
19390712,1607357,0.805928,
19390712,2006876,0.999877,
19390712,2055965,0.731059,
19406251,9787757,0.731059,
19407947,12926963,0.880797,
19501047,19076737,0.731059,
19504824,1267320,0.731059,
19508798,1607357,0.731059,
19524397,9787757,0.731059,
19548750,9787757,0.952574,
19606628,20929025,0.952574,
19606628,29694418,0.731059,
19606628,9787757,0.731059,
19614228,9787757,0.731059,
19650204,65252,0.731059,
19692503,9787757,0.731059,
19716234,22766581,0.731059,
19721399,25179529,0.731059,
19745004,19745004,0.880797,
19745004,9325315,0.967294,
19745004,9787757,0.731059,
19745004,997338,0.731059,
19753195,15778981,0.731059,
19816973,15830664,0.731059,
19832415,4037197,0.993307,
19843509,12716501,0.731059,
19843509,14169882,0.731059,
19848353,9787757,0.731059,
1985358,13158707,0.982014,
19861213,4037197,0.731059,
19863257,9325315,0.731059,
19864741,14909673,0.731059,
19872239,321278,0.731059,
19872239,5532320,0.880797,
19872456,10270250,0.952574,
19872456,321278,0.993307,
19872456,39316027,0.952574,
19872456,873328,0.731059,
19872456,9787757,0.731059,
19927831,19928304,0.731059,
19928304,19927831,0.731059,
19928304,873328,0.731059,
19935833,728994,0.731059,
19939216,16243570,0.880797,
19939216,16384837,0.952574,
19939216,6543378,0.880797,
19939216,9252533,0.864293,
19953050,15045751,0.880797,
19990415,2556327,0.731059,
19994257,31404980,0.731059,
20021829,9787757,0.993307,
2003641,17372733,0.731059,
2003641,8836548,0.731059,
2006005,9787757,0.731059,
2006302,720294,0.999665,
2006302,9787757,0.731059,
2006876,17372733,0.731059,
2006876,18997610,0.731059,
2006876,2003641,0.880797,
2006876,4978045,0.990945,
2006876,9787757,0.952574,
20100867,9787757,0.731059,
2011783,9787757,0.999877,
20118512,1020639,0.731059,
2014929,1446467,0.731059,
20168931,19745004,0.731059,
2019,32104924,0.731059,
2023124,9787757,0.731059,
20235625,6506651,0.731059,
20260602,9787757,0.731059,
20260834,9787757,0.731059,
20264700,19927831,0.731059,
20264700,9787757,0.880797,
20287787,29436244,0.731059,
20300177,9787757,0.731059,
20304586,9787757,0.731059,
20307596,13230665,0.731059,
20312497,32023078,0.731059,
2031640,43371,0.731059,
20317364,931039,0.952574,
20329783,8576730,0.731059,
20343475,18446225,0.731059,
20344193,4176043,0.731059,
203666,28643625,0.880797,
203666,321278,0.805928,
203666,507775,0.865507,
203666,9787757,0.731059,
20390951,16522983,0.880797,
20391375,16394957,0.880797,
2040151,39003227,0.731059,
20415251,7691631,0.731059,
20455627,5282596,0.731059,
20460946,15426083,0.997527,
20460946,31393611,0.731059,
20460946,321278,0.731059,
20460946,8715146,0.731059,
20460946,9325315,0.731059,
20460946,9787757,0.982014,
20558462,19745004,0.982014,
20558462,9787757,0.880797,
2055965,1607357,0.731059,
2055965,19390712,0.880797,
2055965,2003641,0.731059,
2055965,931135,0.731059,
2055965,9787757,0.880797,
20580498,1090311,0.856536,
20580498,11225014,0.880797,
20580498,11589713,0.880797,
20580498,16607898,0.731059,
20580498,20653934,0.993307,
20580498,22442668,0.999665,
20580498,23059575,0.731059,
20580498,23096959,0.952574,
20580498,23272510,0.952574,
20580498,26509369,0.731059,
20580498,39164702,0.805928,
20580498,40686014,0.997527,
20580498,44570556,0.731059,
20580498,6838921,0.880797,
20580498,7691631,1.000000,
20580498,9787757,0.731059,
20580498,9998516,0.731059,
206084,1446467,0.731059,
206084,19076737,0.989771,
206084,20580498,0.731059,
206084,27555776,0.731059,
206084,3483944,0.999665,
206084,40508605,0.996198,
206084,4106792,0.999994,
206084,4129065,0.731059,
206084,4279682,0.731059,
206084,43330318,0.731059,
206084,501687,0.731059,
206084,5050525,0.731059,
206084,507775,0.880797,
206084,9214768,0.999994,
206084,9787757,0.731059,
20619044,1090311,0.731059,
20653934,16607898,0.862183,
20653934,20580498,0.982014,
20653934,26509369,0.731059,
20653934,7691631,0.731059,
20665349,7807399,0.952574,
20666775,9787757,0.731059,
20667318,24441429,0.731059,
2067253,19292203,0.731059,
2067253,9787757,0.952574,
20684642,15309233,0.731059,
20724,15045751,0.731059,
20724,24571366,0.880797,
20755034,21233191,0.731059,
20766594,18351718,0.731059,
20773773,45717250,0.880797,
20775600,12146969,0.997527,
20785986,33653601,0.731059,
2081289,11921791,0.975832,
2081289,11935993,0.805928,
2081289,14448779,0.999994,
2081289,2165383,0.731059,
2081289,34355781,0.865528,
2081289,34693515,0.952574,
2081289,9787757,0.731059,
20819799,1090311,0.731059,
20819799,25476601,0.731059,
20882583,19745004,0.982014,
20882845,19745004,0.880797,
20882845,21388550,0.731059,
20882845,9787757,0.982014,
20884782,8556864,0.952574,
20894140,20558462,0.731059,
20894140,9787757,0.731059,
20897561,9787757,0.982014,
20897575,9787757,0.731059,
20905275,9787757,0.731059,
2090979,9787757,0.731059,
20919134,21388550,0.731059,
20919134,9787757,0.880797,
20919966,20919134,0.880797,
20929025,10064545,0.805928,
20929025,10270250,0.996592,
20929025,1607357,0.967294,
20929025,33941273,0.731059,
20929025,6093316,0.731059,
20929025,9787757,0.731059,
20999008,7691631,0.731059,
2100564,2007237,0.731059,
21049071,31267813,0.731059,
21053059,14169882,0.731059,
21060126,12041782,0.731059,
21060126,20929025,0.952574,
21060126,6093316,0.731059,
21060126,9787757,0.731059,
21066692,455600,0.731059,
21088356,28877410,0.731059,
21129265,22873447,0.731059,
21129265,9787757,0.731059,
2114213,9787757,0.731059,
21167090,14089735,0.982014,
21172715,11379921,0.731059,
21203040,21388550,0.731059,
21216322,4909355,0.731059,
21222979,9787757,0.880797,
21233191,32023078,0.731059,
21233191,34724548,0.731059,
21233191,39595597,0.880797,
21233191,9787757,0.731059,
21244505,9787757,0.731059,
21244714,1362490,0.731059,
21273155,29882262,0.731059,
21290287,6182775,0.731059,
21291185,2698821,0.731059,
2129739,15062869,0.731059,
21337107,22684655,0.731059,
21338881,3214406,0.731059,
21338881,9787757,0.731059,
21347346,13739356,0.976287,
21347346,29675401,0.880797,
21347346,31492490,0.999877,
21357099,3016562,0.731059,
2138392,3565779,0.731059,
21386310,16688238,0.731059,
21386310,16691792,0.952574,
21386310,9787757,0.982014,
21388550,9787757,0.731059,
21394954,9787757,0.731059,
21399598,9787757,0.880797,
21413198,20929025,0.731059,
21413198,9787757,0.731059,
21449162,17620347,0.865074,
21451305,9787757,0.731059,
21500952,21501000,0.993307,
21500952,22982974,0.880797,
21501000,21500952,1.000000,
2151913,2996011,0.880797,
21546187,9787757,0.731059,
21548299,9787757,0.731059,
2156455,1287859,0.952574,
2156455,9787757,0.952574,
21611069,9787757,0.880797,
2163263,9787757,0.952574,
21641241,23096959,0.731059,
21641241,39643904,0.731059,
2165383,11935993,0.731059,
2165383,2081289,0.880797,
21665489,5532320,0.731059,
21679569,27442967,0.841816,
21679569,9787757,0.731059,
21748344,9787757,0.731059,
21831014,20929025,0.731059,
21831446,9787757,0.731059,
2183193,1103054,0.731059,
2183193,24132515,0.862183,
2183193,33015583,0.731059,
2183193,46047805,0.731059,
2189967,16865424,0.731059,
21909749,22737329,0.731059,
21909749,22737333,0.880797,
21909749,9787757,0.880797,
21912119,9787757,0.731059,
21915931,17958761,0.952574,
21923259,8444568,0.731059,
21942491,39009740,0.952574,
21950910,9787757,0.731059,
2195723,5298790,0.731059,
21986991,15426083,0.731059,
21986991,20460946,0.731059,
21992036,9787757,0.731059,
22002058,9787757,0.731059,
22023776,23499637,0.731059,
22023776,34876145,0.731059,
2203645,24662315,0.731059,
2203645,2725544,0.952574,
2203645,39030254,0.731059,
2203645,6612466,0.952574,
2203645,6659004,0.880797,
2203645,9787757,0.731059,
22046023,2129739,0.731059,
22137709,15510233,0.731059,
22137709,18399519,0.952574,
22137709,23540628,0.731059,
22148545,19149794,0.731059,
22148545,23627382,0.731059,
22155032,9787757,0.731059,
22187098,9787757,0.731059,
2228226,588600,0.731059,
2228226,7551773,0.731059,
2228226,9787757,0.731059,
22285649,3301400,0.731059,
22286586,34876145,0.731059,
22321368,9787757,0.731059,
22355214,35120039,0.731059,
22355214,40804661,0.880797,
22361331,9787757,0.731059,
22390925,9787757,0.731059,
22395078,10067157,0.952574,
22395078,9139165,0.731059,
22395078,9787757,0.731059,
22442659,7691631,0.731059,
22442668,20580498,1.000000,
22442668,20653934,0.952574,
22442668,23096959,0.880797,
22442668,28366058,0.880797,
22442668,29500061,0.880797,
22442668,36960293,0.731059,
22442668,7691631,0.731059,
22527161,1725199,0.880797,
22571796,931135,0.731059,
22584039,2055965,0.731059,
22584039,9787757,0.880797,
22641745,24560307,0.731059,
22652644,9787757,0.731059,
22660201,317757,0.940337,
22669193,30030653,0.880797,
22684655,168370,0.731059,
22700458,9787757,0.880797,
22719188,1283503,0.731059,
22736562,16286131,0.880797,
22736886,34876145,0.731059,
22737329,14241623,0.731059,
22737329,34927706,0.952574,
22737333,14241623,0.731059,
22737333,22737329,0.731059,
22737333,22737337,0.731059,
22737333,34927706,0.982014,
22737337,22737329,0.880797,
22737337,22737333,0.731059,
22737337,9787757,0.731059,
22767401,2649031,0.880797,
22789601,11233996,0.880797,
22791752,28710753,0.880797,
22844223,30041889,0.731059,
22844223,9787757,0.880797,
22873447,28877410,0.856536,
22883982,23096959,0.731059,
2293158,9787757,0.993307,
22942790,9787757,0.731059,
2296970,1283503,0.731059,
22974806,30541396,0.731059,
22974806,9244177,0.731059,
22982974,317757,0.731059,
22993377,22660201,0.880797,
22993377,9787757,0.731059,
23021810,9787757,0.731059,
2304599,8514,0.731059,
23059575,31046054,0.731059,
23059575,36357298,0.880797,
23059575,7691631,0.952574,
23083156,20929025,0.731059,
23086156,28138406,0.731059,
23096959,17728164,0.731059,
23096959,20580498,0.731059,
23096959,2114213,0.880797,
23096959,21413198,0.731059,
23096959,22002058,0.731059,
23096959,23059575,0.916686,
23096959,23770421,0.731059,
23096959,24560307,0.916686,
23096959,26192117,0.731059,
23096959,27729907,0.982014,
23096959,30081813,0.731059,
23096959,30325550,0.880797,
23096959,9787757,0.731059,
2310495,15309233,0.805928,
2310495,2381732,0.880797,
23116127,15901046,0.997527,
23116127,25273785,0.993307,
23116127,36898319,0.731059,
23127683,17925227,0.880797,
23135537,20390951,0.731059,
23148176,9787757,0.731059,
2316191,13421878,0.731059,
2316191,9787757,0.880797,
23165881,41384605,0.731059,
23168206,5710341,0.731059,
23198783,9787757,0.731059,
23206290,9787757,0.952574,
23215103,11167738,0.880797,
23272510,20580498,0.993307,
23276718,10391073,0.731059,
23284838,6905963,0.731059,
23291630,9787757,0.731059,
23310805,7691631,0.731059,
2331534,9787757,0.880797,
2338279,9787757,0.731059,
23384500,23146519,0.880797,
23384500,26567881,0.731059,
23398306,9061947,0.731059,
23398306,9787757,0.952574,
23403252,23116127,0.731059,
23403252,36463352,0.880797,
23403252,41642019,0.880797,
23404839,27494663,0.880797,
23434056,9787757,0.731059,
23445209,19872239,0.805928,
23445209,321278,0.731059,
23487443,9787757,0.731059,
23492806,34876145,0.731059,
23499637,42757577,0.731059,
2351384,39003227,0.880797,
2351384,9787757,0.731059,
23519392,9787757,0.880797,
23540628,18399519,0.982014,
23540628,22137709,0.731059,
23540628,9787757,0.982014,
23570030,41092776,0.880797,
23574897,3449635,0.880797,
23591918,34876145,0.731059,
23594674,19390712,0.952574,
23620005,37489525,0.731059,
23623214,14145700,0.731059,
23627382,19149794,0.731059,
23627382,22148545,0.731059,
23627382,23540628,0.841816,
23627382,9787757,0.731059,
23652126,1695405,0.731059,
23652126,1695406,0.731059,
23674901,23674586,0.731059,
237159,9787757,0.731059,
23770421,168370,0.856536,
23770421,33791453,0.952574,
23770421,9309093,0.937052,
23774298,23770421,0.880797,
23774298,33791453,0.997527,
23793462,15309233,0.880797,
2381732,2310495,0.731059,
2381732,2357747,0.731059,
2381732,30325550,0.880797,
23831045,27442967,0.731059,
23876490,21679569,0.952574,
23876490,9787757,0.880797,
238972,1252,0.940337,
238972,13347640,0.952574,
238972,168370,0.731059,
238972,238986,0.731059,
238972,36316259,0.805928,
238972,363387,0.982014,
238972,447184,0.880797,
238972,9787757,0.731059,
238983,238972,0.880797,
238983,238986,0.731059,
238983,33945,0.731059,
238983,363387,0.952574,
238983,9787757,0.993307,
238986,13347640,0.731059,
238986,168370,0.865468,
238986,238972,0.880797,
238986,238983,0.731059,
238986,363387,0.880797,
23899906,24132515,0.731059,
23899906,9787757,0.982014,
23924195,2183193,0.993307,
23924195,9787757,0.731059,
23937466,10041891,0.731059,
23950745,3757512,0.731059,
23984796,20785986,0.731059,
23992530,9787757,0.731059,
24031839,21233191,0.731059,
24067383,14119537,0.731059,
24067383,931135,0.731059,
2410676,1362490,0.982014,
2410676,15778059,0.731059,
2410676,1778471,0.731059,
2410676,9787757,0.731059,
24132515,23899906,0.731059,
24165519,23021810,0.731059,
24195339,10064545,0.731059,
24195339,20929025,0.880797,
24195339,31136177,0.731059,
24195339,3214406,0.880797,
24195339,32405591,0.731059,
24195339,9787757,0.731059,
24198103,14430294,0.880797,
24306004,2129739,0.731059,
24325875,11969507,0.805928,
24325875,16746795,0.731059,
24331457,734934,0.731059,
24373694,858127,0.731059,
24382273,9787757,0.731059,
24386993,9787757,0.731059,
24390283,20785986,0.731059,
24395109,9787757,0.731059,
24419942,9996255,0.731059,
24441429,20667318,0.731059,
24444557,9787757,0.993307,
24468283,11344473,0.731059,
24474126,10247874,0.731059,
24474126,3214406,0.993307,
24474126,3638964,0.999999,
24474126,771016,0.731059,
24474126,9787757,0.731059,
24474138,24474126,0.880797,
24474138,3638964,0.880797,
24474138,6670942,0.731059,
24474138,9787757,0.982014,
24483721,9787757,0.731059,
24500594,9787757,0.952574,
24516568,6248645,0.999089,
24560307,16328098,0.731059,
24560307,29028775,0.880797,
24560307,29561893,0.731059,
24560307,35648870,0.841816,
24560307,47372003,0.880797,
24560307,8962829,0.731059,
24560307,9787757,0.880797,
24571366,20724,0.731059,
24609401,9787757,0.731059,
24612415,3149845,0.731059,
24636787,1090311,0.731059,
24636787,25312459,0.731059,
24636787,25312483,0.731059,
24636789,1090311,0.997527,
24657821,39211337,1.000000,
24662315,2203645,0.731059,
24669372,4723248,0.880797,
24700171,11730342,0.731059,
24718080,9787757,0.880797,
247278,5577220,0.731059,
24727800,17925227,0.731059,
2476855,9787757,0.731059,
24773848,40233846,1.000000,
24774658,1362490,0.731059,
24774658,2410676,0.731059,
24774658,6670942,0.952574,
24774658,8133216,0.805928,
24777832,22878143,0.731059,
24777832,9787757,0.880797,
24790523,10851820,0.880797,
24795646,13633443,0.731059,
2481963,9787757,0.731059,
24829371,1103054,0.731059,
24829371,11176360,0.864293,
24829371,20929025,0.805928,
24829371,2183193,0.997527,
24829371,28782747,0.731059,
24829371,30722866,0.731059,
24829371,34870728,0.952574,
24829371,35648870,0.952574,
24835467,24560307,0.731059,
24835467,9787757,0.731059,
24865368,6660536,0.731059,
24865368,9787757,0.731059,
24871990,32940722,0.880797,
24871990,35563024,0.982014,
24871990,3867127,0.731059,
24871990,8458155,0.841816,
24871990,9787757,0.731059,
24891661,38434858,0.993307,
24891661,6604361,0.731059,
24891661,843222,0.731059,
24894868,1090311,0.880797,
24894901,1090311,0.880797,
24894912,9787757,0.952574,
24910542,9787757,0.731059,
24940807,2750721,0.731059,
24946152,9787757,0.731059,
24947768,10556194,0.865362,
24951510,9787757,0.982014,
24984705,22873447,0.880797,
24984705,9787757,0.731059,
24993103,9787757,0.997527,
2500088,79352,0.731059,
2500088,8514,0.731059,
25003905,14120618,0.952574,
25003905,5532320,0.880797,
25003905,7470534,0.805928,
25003905,9787757,0.731059,
25008788,11344473,0.731059,
25032644,21399598,0.731059,
25033964,5298790,0.731059,
25033964,7551773,0.880797,
25033964,9787757,0.731059,
2508083,2540368,0.841816,
2508083,9787757,0.731059,
25104780,9787757,0.731059,
2510503,2228226,0.731059,
2510503,9787757,0.731059,
25126616,16241224,0.731059,
25126616,33457642,0.731059,
25136308,9787757,0.731059,
25179529,19721399,0.731059,
25185119,14712850,0.731059,
25196738,263379,0.880797,
25217345,32144511,0.731059,
25218097,14119537,0.731059,
25246769,507775,0.731059,
25252102,13221727,0.805928,
25252102,15901046,0.731059,
25252102,910757,0.805928,
25273785,23116127,0.997527,
25273785,2381732,0.987660,
25273785,40841283,0.731059,
25274085,8730949,0.731059,
25312455,1090311,0.731059,
25312483,25312459,0.731059,
25312483,35229527,0.731059,
25345414,17303641,0.731059,
2536587,9787757,0.880797,
25427817,10270250,0.731059,
25471131,1090311,0.880797,
25476007,14089735,0.731059,
25476601,9787757,0.731059,
25485518,27,0.880797,
25522582,1390248,0.731059,
2552682,4597760,0.731059,
25527782,31409916,0.952574,
25537901,9787757,0.880797,
25538333,9787757,0.731059,
2556327,9787757,0.952574,
25567730,9787757,0.731059,
25592861,9787757,0.880797,
25609578,9037631,0.880797,
2560988,34876145,0.880797,
25617835,9787757,0.880797,
2564151,1142976,0.731059,
2564151,2634628,0.731059,
25652980,658518,0.916686,
25652980,9787757,0.731059,
25691817,6094683,0.880797,
2573058,35911376,0.731059,
25738703,19008038,0.731059,
25811020,1390248,0.880797,
25837286,41003843,0.731059,
25838887,12467623,0.731059,
25841126,9787757,0.731059,
258750,34876145,0.731059,
258750,4007018,0.731059,
258750,9787757,0.731059,
258750,986551,0.731059,
25887611,15280279,0.731059,
25889832,7691631,0.731059,
25891160,15062869,0.731059,
25891160,18840003,0.731059,
25891160,19872456,0.731059,
25915209,24322390,0.731059,
25940652,9787757,0.731059,
2594187,9787757,0.952574,
25959820,9787757,0.731059,
25993378,26229585,0.731059,
26033134,9787757,0.731059,
26050796,19031487,0.731059,
26050796,9787757,0.731059,
26050796,9996255,0.952574,
26063680,26063644,0.731059,
26063680,9730278,0.731059,
26066727,9787757,0.952574,
26077653,9787757,0.731059,
2608337,9787757,0.731059,
26094060,9787757,0.880797,
26096505,9787757,0.731059,
26109545,23096959,0.731059,
2611311,9787757,0.731059,
26119962,9787757,0.731059,
26173767,3594497,0.731059,
26181278,19483273,0.731059,
26181278,20343475,0.731059,
26181278,25881432,0.952574,
261943,9787757,0.731059,
26201720,1962219,0.731059,
26225883,3678731,0.731059,
26229585,15309233,0.952574,
26229585,501687,0.805928,
2625205,21273155,0.880797,
26282928,4110016,0.731059,
26291234,32823958,0.880797,
26291683,23393132,0.731059,
26307245,9787757,0.731059,
26316966,3122202,0.731059,
263379,25196738,0.880797,
2634628,1142976,0.731059,
2634628,2564151,0.731059,
2634628,9787757,0.880797,
2639201,757363,0.731059,
26399616,9787757,0.880797,
26437605,9787757,0.731059,
2649031,22767401,0.731059,
2649214,9787757,0.731059,
26506083,14089735,0.731059,
26509179,23096959,0.880797,
26509369,108278,0.865074,
26509369,29600667,0.731059,
26509369,7691631,0.731059,
26509369,9787757,0.731059,
26516210,11939484,0.731059,
26516210,23096959,0.937052,
26516210,28283593,1.000000,
26553597,9787757,0.731059,
26558202,5532320,0.731059,
26567881,18609427,0.731059,
2659467,29268631,0.880797,
2659467,4128353,0.880797,
26648250,9787757,0.731059,
26650305,9787757,0.880797,
2665618,37219287,0.731059,
2665618,37462194,0.731059,
2665618,948957,0.731059,
2665618,9787757,0.731059,
26658897,4110016,0.731059,
26658897,9787757,0.731059,
2672652,34876145,0.731059,
26738263,17303641,0.731059,
26750407,19872456,0.731059,
26800584,9787757,0.880797,
268027,9787757,0.997527,
26805193,19036577,0.731059,
26820697,9787757,0.731059,
26820798,24560307,0.952574,
26845993,16665655,0.880797,
26870928,9787757,0.731059,
26873147,27790789,0.731059,
26885032,9787757,0.952574,
26927081,9787757,0.731059,
26927972,9787757,0.731059,
26931359,7994556,0.952574,
26950457,9750588,0.731059,
26964106,9787757,0.731059,
2698821,714074,0.993307,
26992831,9787757,0.731059,
26996090,9787757,0.731059,
27,168370,0.731059,
27,9787757,0.731059,
27024702,23770421,0.731059,
27051771,23096959,0.731059,
27051771,9787757,0.731059,
27072955,16008423,0.731059,
27082457,3659275,0.731059,
27082457,640534,0.731059,
270880,17303641,0.731059,
27089359,7512484,0.731059,
27089359,9787757,0.880797,
27148891,9787757,0.731059,
271714,9787757,0.731059,
27193779,10187082,0.731059,
27193779,11545928,0.731059,
27193779,12243435,0.731059,
27193779,16386099,0.731059,
27193779,22736886,0.982014,
27193779,321278,0.952574,
27193779,3342055,0.982014,
27193779,34876145,0.982014,
27193779,6498492,0.731059,
27196756,9787757,0.997527,
27200766,25008788,1.000000,
2720287,32969220,0.731059,
2725544,2203645,0.731059,
2729788,1090311,0.805928,
2729788,17157565,0.952574,
2729788,7789923,0.982014,
2729788,9787757,0.731059,
27311720,9787757,0.880797,
27352490,10556194,0.880797,
27388642,24947768,0.999665,
27388642,9787757,0.731059,
27420524,20882845,0.731059,
27427417,9787757,0.880797,
2743221,34876145,0.999089,
27442967,23831045,0.731059,
27466453,2750721,0.880797,
27494663,10247874,0.731059,
27494663,15045751,0.952574,
27494663,22642120,0.731059,
27494663,41642019,0.805928,
27494663,43330318,0.731059,
27494663,7691631,0.731059,
27494663,9787757,0.731059,
2750721,27466453,0.997527,
2750721,4803400,0.731059,
2750721,9787757,0.731059,
2751199,9787757,0.731059,
2752522,9787757,0.880797,
27562362,11225014,0.731059,
27563721,9787757,0.731059,
27576132,17728164,0.731059,
27576132,23096959,0.731059,
27591558,26884724,0.731059,
27591558,734934,0.982014,
27609645,9787757,0.731059,
27620277,9787757,0.952574,
27631673,321278,0.880797,
27652771,9787757,0.982014,
27654303,3489194,0.805928,
27654303,41609076,0.731059,
27713859,37079565,0.731059,
27727916,23096959,0.731059,
27728976,37489525,0.731059,
27729907,11225014,0.731059,
27729907,27729926,0.731059,
27729907,9787757,0.731059,
27729926,1064563,0.997527,
27729926,27729907,0.952574,
27758092,3214406,0.731059,
27758092,5532320,0.731059,
27764892,9787757,0.731059,
2776635,9787757,0.731059,
27775665,9787757,0.731059,
27776551,41642019,0.731059,
27776551,41646393,0.731059,
27776551,65252,0.731059,
27776551,9787757,0.952574,
27783162,27788951,0.880797,
27788951,27783162,0.999877,
27788951,27804716,0.731059,
27788951,27828339,0.993307,
27788951,38711355,0.731059,
27788951,9787757,0.982014,
27790789,16665655,0.731059,
27790789,32954806,0.731059,
27793614,18410674,0.731059,
27804716,16411534,0.880797,
27804716,27788951,0.916686,
27804716,27828339,0.982014,
27804716,9787757,0.999665,
27823188,9787757,0.731059,
27828097,30212825,0.731059,
27828097,33389183,0.731059,
27828339,38144492,0.731059,
27866077,9787757,0.731059,
2788503,9787757,0.731059,
27888295,34315331,1.000000,
27888295,4000279,0.999089,
27903690,9787757,0.731059,
27931142,14169882,0.993307,
27931142,25003905,0.880797,
27931142,27783162,0.731059,
27931142,27788951,0.982014,
27931142,27804716,0.952574,
27931142,27828339,0.731059,
27931142,32024574,0.880797,
2796081,9787757,0.731059,
28006861,27442967,0.731059,
28061676,9787757,0.731059,
28062827,11167738,0.731059,
28062827,23215103,0.937052,
28062827,9787757,0.731059,
28096281,14089735,0.731059,
28096281,9787757,0.952574,
28138406,23086156,0.731059,
28155823,18023059,0.952574,
28155823,9787757,0.880797,
28182521,19939216,0.731059,
28183758,9787757,0.880797,
28199205,9787757,0.880797,
28221116,1549991,0.993307,
28223616,21413198,0.731059,
28283593,23096959,0.731059,
28283593,26516210,0.993307,
28305425,40177216,0.731059,
28305425,9787757,0.731059,
2833537,9787757,0.880797,
2835111,37489525,0.880797,
2835111,9787757,0.731059,
28353322,31046054,0.880797,
28360638,9787757,0.731059,
28366058,11589713,0.865529,
28366058,27494663,0.999545,
28366058,33866783,0.880797,
28366058,7691631,0.999877,
28366058,9461481,0.731059,
28366058,9787757,0.731059,
28394156,9787757,0.731059,
28404361,1181927,0.982014,
28430308,6344602,0.952574,
2851691,1200050,0.731059,
28547115,19002414,0.731059,
28558604,7512484,0.880797,
28568087,734934,0.731059,
2857233,34876145,0.731059,
2857373,7691631,0.880797,
28611747,33389183,0.731059,
28611747,39164702,0.731059,
28627094,20580498,0.731059,
28627094,22442668,0.880797,
28627094,9787757,0.731059,
2863853,108278,0.731059,
28640038,321278,0.731059,
28643625,203666,0.880797,
28643625,4176043,0.940399,
28643625,9787757,0.731059,
286516,143580,0.731059,
28669836,9787757,0.731059,
28671602,9787757,0.731059,
28687186,29097304,0.731059,
28687532,843222,0.731059,
28710753,15830664,0.862183,
28710753,2081289,0.805928,
28710753,9787757,0.731059,
28727808,9998516,0.731059,
28748876,9787757,0.731059,
28769114,9787757,0.731059,
28782747,858127,0.731059,
28782747,9787757,0.731059,
28796010,15388290,0.731059,
28820281,34876145,0.731059,
28826524,11344473,0.880797,
2884603,1049095,0.731059,
28867390,19711806,0.731059,
28877410,10270250,0.731059,
2890627,2750721,0.731059,
28921747,9787757,0.880797,
28924109,9787757,0.731059,
28928202,32104924,0.731059,
2893713,17303641,0.731059,
28939972,9787757,0.731059,
2897853,14211461,0.731059,
28981606,22023776,0.731059,
29028775,11061773,0.805928,
29028775,321278,0.880797,
29028775,9787757,0.731059,
29031987,10270250,0.952574,
29094509,7177096,0.731059,
29097304,27654303,0.731059,
29102367,106310,0.880797,
29103567,9787757,0.952574,
29137950,31492490,0.880797,
29146289,29201308,0.731059,
2916197,507775,0.731059,
2916712,507775,0.952574,
2917657,507775,0.880797,
29195078,203666,0.731059,
29195078,9787757,0.999665,
29201308,29146289,0.731059,
29215251,10045175,0.731059,
29217912,29996513,0.731059,
29243719,4110016,0.731059,
29250115,2081289,0.880797,
29268051,4128353,0.731059,
29268631,18609427,0.805928,
29268631,2659467,0.880797,
29273084,858127,0.731059,
29298494,6094683,0.952574,
2931111,1451352,0.731059,
2931111,4330620,0.993307,
2931111,9787757,0.731059,
2932773,1446467,0.731059,
2932773,9787757,0.982014,
2935735,17085014,0.880797,
2935735,9787757,0.731059,
29410246,714074,0.731059,
29434046,35307583,0.952574,
29436244,20287787,0.731059,
2945088,9787757,0.731059,
29455960,19504824,0.987660,
29473314,9787757,0.731059,
29478506,34262606,0.731059,
2948949,9787757,0.731059,
29491240,9787757,0.731059,
29500061,22442668,0.731059,
29500061,28366058,0.805928,
29551018,9787757,0.880797,
29561893,20929025,0.993307,
29561893,24560307,0.731059,
29561893,41516944,0.880797,
29578192,29309660,0.731059,
2959446,108278,0.731059,
29600667,23096959,0.865468,
29600667,26509369,0.731059,
29620400,16241224,0.731059,
29623856,5532320,0.731059,
29629333,31046054,0.952574,
29663916,13429048,0.731059,
29663916,16522983,0.880797,
29675401,21347346,0.880797,
29675401,31492490,0.731059,
2968000,34762920,0.841816,
2968000,3557653,0.999665,
29688210,9787757,0.731059,
29704274,18847464,0.940337,
29704274,30043131,0.997527,
29728425,1302990,0.731059,
29796836,3391269,0.731059,
29796836,8514,0.731059,
29806257,9787757,0.731059,
29807436,9787757,0.731059,
2983241,7251076,0.880797,
29882262,21273155,0.731059,
29891188,11061773,0.731059,
29891188,29942808,0.731059,
29891188,35520634,0.731059,
29891188,9787757,0.731059,
29915977,4723248,0.731059,
29923031,7357595,0.982014,
29925961,7691631,0.952574,
29941153,29941222,0.731059,
29941222,29941153,0.731059,
29943859,16286131,0.731059,
29943859,8629417,0.731059,
29946971,32774942,0.731059,
2996011,2151913,0.731059,
2996011,9787757,0.731059,
29996513,10045175,0.841816,
30027163,9787757,0.731059,
30028892,19872456,0.880797,
30030653,18847464,0.731059,
30043131,29704274,0.999877,
30043131,3557653,0.864293,
30081396,2573058,0.999665,
30081396,35911376,0.731059,
30081813,23096959,0.880797,
30091667,7691631,0.731059,
30144828,9787757,0.731059,
30162008,9787757,0.731059,
3016562,14089735,0.731059,
3016562,9787757,0.731059,
30175039,10391073,0.731059,
3019537,9787757,0.952574,
30198400,9787757,0.880797,
30210846,9787757,0.731059,
30212825,27828097,0.731059,
30291923,9469271,0.993307,
30292357,1946622,0.952574,
30307501,9787757,0.731059,
30323779,2081289,0.731059,
30325550,23096959,0.952574,
30337170,1549395,0.731059,
3035586,1446467,0.731059,
30358412,919161,0.999665,
3038446,9787757,0.880797,
30388450,4176043,0.880797,
30415285,15510233,0.952574,
30415285,15510373,0.731059,
30415285,29688210,0.731059,
30430269,9787757,0.880797,
30468314,9787757,0.731059,
30486405,9787757,0.731059,
30520411,11551538,0.731059,
30565487,22883982,0.731059,
30565487,23096959,0.731059,
3060959,11939484,0.731059,
3060959,1362490,0.731059,
30648891,9469271,0.880797,
30660747,9787757,0.731059,
3067553,9787757,0.952574,
30678362,8629417,0.731059,
30682536,7691631,0.952574,
30683413,26505295,0.731059,
30722866,35648870,0.731059,
30769761,18609427,0.731059,
30776365,3824442,0.731059,
30805535,9787757,0.731059,
3080613,11002815,0.880797,
3080613,5282596,0.731059,
30840755,10126908,0.952574,
30872453,19002414,0.731059,
30872453,9787757,0.731059,
308770,392785,0.880797,
308770,8514,0.731059,
308770,9787757,0.731059,
30892477,33653652,0.880797,
30892477,33655535,0.731059,
30892477,3489194,0.731059,
30892477,9787757,0.731059,
30921526,12048721,0.916686,
30921526,31315021,0.880797,
30921526,9787757,0.880797,
30959449,9787757,0.731059,
30982112,25003905,0.841816,
30982112,9787757,0.731059,
30985840,3314,0.880797,
3100121,9787757,0.731059,
31001374,9787757,0.731059,
31009853,34396268,0.731059,
31046054,28366058,0.996654,
31046054,37093142,0.952574,
31046054,7691631,1.000000,
31051234,9787757,0.731059,
31089468,25104780,0.731059,
31090585,34876145,0.731059,
31090585,9787757,0.731059,
31136177,12791642,0.880797,
31136177,9787757,0.731059,
3122202,20929025,0.731059,
31227320,9787757,0.880797,
31227376,9787757,0.880797,
31256533,34396268,0.952574,
31267813,12048721,0.731059,
31315021,30921526,0.952574,
31320841,34396268,0.731059,
31323121,507775,0.731059,
31340566,7691631,0.731059,
31346719,9787757,0.731059,
31404632,11061773,0.952574,
31404632,24560307,0.731059,
31404632,9787757,0.731059,
31404980,23096959,0.880797,
31409916,22442668,0.880797,
31409916,25527782,0.982014,
31409916,4597760,0.841816,
31436996,13739356,0.731059,
31492490,21347346,1.000000,
31492490,29137950,0.999999,
31492490,29675401,0.999665,
31492490,9787757,1.000000,
3149845,19097645,0.856536,
3149845,24612415,0.731059,
3149845,9787757,0.731059,
31524768,321278,0.731059,
31544185,15259244,0.731059,
31568829,37489525,0.731059,
31581044,1390248,0.731059,
31635991,3319769,0.731059,
31720859,17448603,0.731059,
31734328,21008052,0.731059,
317757,32666849,0.880797,
317757,5710341,0.731059,
31790386,20929025,0.880797,
31790386,29694418,0.731059,
31795422,15062869,0.880797,
31873557,15728293,0.731059,
3193719,3060959,0.731059,
3195124,588600,0.880797,
3195124,9787757,0.731059,
3198415,2228226,0.731059,
3198415,9787757,0.731059,
31995486,29094885,0.731059,
32023078,21233191,0.731059,
32024077,27783162,0.952574,
32024077,27828339,0.952574,
32024077,8962829,0.731059,
32024574,14169882,0.880797,
32024574,23584825,0.731059,
32024574,25003905,0.952574,
32024574,27783162,0.880797,
32024574,27788951,0.993307,
32024574,27804716,0.999994,
32024574,27828339,0.880797,
32024574,9787757,0.880797,
32033179,11778024,0.731059,
32102712,13221727,0.731059,
32102712,9787757,0.731059,
32104924,29253597,0.805928,
32104924,9787757,0.880797,
32112284,5532320,0.731059,
321278,11545928,0.805928,
321278,14909673,0.731059,
321278,19872239,0.880797,
321278,22736886,0.975832,
321278,23445209,0.880797,
321278,2672652,0.841816,
321278,27494663,0.731059,
321278,28640038,0.731059,
321278,3342055,0.731059,
321278,34876145,0.880797,
321278,9787757,0.731059,
3214406,15728293,0.731059,
3214406,22684655,0.731059,
3214406,27729907,0.731059,
3214406,6235174,0.856536,
3214406,9787757,0.731059,
32170696,9787757,0.993307,
32247847,20929025,0.731059,
32262410,11116372,0.731059,
32270084,9787757,0.731059,
32273268,8594752,0.731059,
32333558,12499251,0.731059,
32340557,9787757,0.731059,
32351642,38011696,0.731059,
32355438,40150496,0.731059,
32362828,21233191,0.952574,
32362828,9787757,0.880797,
3238243,9787757,0.731059,
32403967,12791642,0.982014,
32403967,1460385,0.731059,
32403967,31136177,0.731059,
32403967,9787757,0.731059,
32405591,24195339,0.731059,
32405591,3214406,0.805928,
32409782,9787757,0.731059,
32432966,32356253,0.731059,
32440005,943149,0.982014,
32452938,9787757,0.731059,
32475785,24871990,0.731059,
32475785,9787757,0.952574,
32485326,34927706,0.731059,
32486256,7691631,0.731059,
32496221,9787757,0.731059,
32526744,16416867,0.731059,
32531480,9787757,0.880797,
32542838,11061773,0.952574,
32545743,9787757,0.731059,
32654500,24195339,0.731059,
32655656,23770421,0.731059,
32707901,9384267,0.731059,
32774942,29946971,0.731059,
32848140,9787757,0.880797,
32883613,9787757,0.731059,
32897150,33653575,0.952574,
32897150,33653617,0.880797,
32916722,8458155,0.999665,
32940722,24871990,0.731059,
32940722,6660536,0.940231,
32940722,9787757,0.952574,
32954806,27790789,0.731059,
32954806,34428627,0.880797,
32954806,35967803,0.731059,
32954806,9787757,0.999983,
32969220,9787757,0.731059,
33002637,34262606,0.731059,
3301400,46047805,0.880797,
3301400,9787757,0.731059,
33015583,2183193,0.731059,
33052709,4137249,0.731059,
33054090,38187960,0.731059,
3308958,4973784,0.731059,
3308958,8514,0.940399,
3308958,9787757,0.880797,
33112318,16691792,0.880797,
33119347,28627094,0.952574,
33147927,3214406,0.731059,
33148320,38126184,0.982014,
33148320,39923176,0.997527,
3319769,929845,0.952574,
3319769,9787757,0.731059,
33258973,13124802,0.731059,
3329386,9787757,0.731059,
33328915,33653601,0.731059,
33352201,27051771,0.880797,
33354438,13753636,0.952574,
33354438,6804779,0.731059,
33370332,16554739,0.731059,
33389183,895341,0.880797,
33410771,9787757,0.731059,
3342055,28640038,0.841816,
3342055,321278,0.880797,
3342055,34876145,0.880797,
3342055,4090287,0.731059,
3342055,948957,0.731059,
3342055,9787757,0.731059,
33421027,29028775,0.952574,
33457642,25126616,0.731059,
3346602,1424470,0.880797,
33493203,9787757,0.731059,
33507463,30982112,0.996631,
33507463,34133681,0.731059,
33588118,9787757,0.731059,
33605063,12256376,0.880797,
33644564,1549395,0.731059,
33653575,14993021,0.841816,
33653575,32897150,0.731059,
33653575,33653601,0.731059,
33653575,658518,0.731059,
33653601,11391151,0.731059,
33653601,23984796,0.731059,
33653601,32897150,0.982014,
33653601,33653575,0.880797,
33653601,33653617,0.731059,
33653601,33655518,0.731059,
33653601,36895421,0.880797,
33653601,42875638,0.731059,
33653601,658518,0.999089,
33653601,9787757,0.731059,
33653617,15189073,0.731059,
33653617,32897150,0.731059,
33653617,33653575,0.856536,
33653617,33653601,0.731059,
33653652,32897150,0.731059,
33655518,33655535,0.731059,
33655535,33653601,0.731059,
33655535,33655518,0.731059,
33677585,263379,0.731059,
33689104,34139070,0.731059,
33689104,34546968,0.731059,
33689746,14993021,0.731059,
33699956,9787757,0.999877,
33744138,15836199,1.000000,
33745687,33746310,0.880797,
33746310,33745687,0.731059,
33750123,9309093,0.731059,
33791453,23770421,0.993307,
33791453,23774298,0.880797,
33822149,30325550,0.880797,
33866783,7691631,0.731059,
33898786,34429296,0.731059,
3391269,29796836,0.731059,
33934269,35051490,0.731059,
33941273,20929025,0.731059,
33945,488514,0.731059,
33945,9787757,0.731059,
34007042,34495913,0.731059,
34007042,39648183,0.952574,
34011884,4723248,0.731059,
34013728,35520464,0.731059,
34034280,26820798,0.731059,
34064482,34064493,0.731059,
34068092,17386215,0.731059,
34082421,5532320,0.880797,
34082421,9787757,0.880797,
34104801,11167738,0.731059,
34105868,10697582,0.731059,
34105868,34082421,0.731059,
34105868,35690871,0.880797,
34105868,5532320,0.880797,
34122184,9787757,0.880797,
34122184,9896583,0.880797,
34122335,3867127,0.731059,
34129761,5532320,0.731059,
34132554,34429296,0.731059,
34133681,7804910,0.731059,
34137781,29990778,0.731059,
34138622,10064545,0.731059,
34138622,33653601,0.880797,
34138622,658518,0.952574,
34139070,5532320,0.731059,
34230966,34876145,0.731059,
34262606,29478506,0.731059,
34262857,11061773,0.731059,
34262857,36883823,0.880797,
34268206,9787757,0.731059,
3427405,9787757,0.731059,
34275039,33898786,0.731059,
34278988,23229746,0.731059,
34278991,10697582,0.731059,
34294743,29946971,0.731059,
34294743,34538029,0.731059,
34294743,9787757,0.731059,
34308171,29946971,0.731059,
34326028,9787757,0.731059,
34327471,9787757,0.731059,
34349757,34294743,0.731059,
34349757,9787757,0.731059,
34357801,34340650,0.731059,
34428627,32954806,0.731059,
34429296,35520464,0.731059,
34431301,9787757,0.731059,
3444030,4056288,0.731059,
34447499,28867390,0.731059,
3449583,23574897,0.731059,
34495913,34007042,0.731059,
34495913,9787757,0.731059,
34496016,27804716,0.999877,
3449635,23574897,0.731059,
3449635,3449583,0.731059,
3449635,910744,0.731059,
3449635,910757,0.731059,
3449635,986551,0.731059,
34538029,34294743,0.731059,
34546968,5532320,0.731059,
3455070,9787757,0.880797,
34555538,21233191,0.731059,
34577126,34139070,0.880797,
34577126,34355781,0.731059,
34597195,9787757,0.731059,
34659664,9787757,0.880797,
3468294,9787757,0.731059,
34693515,2081289,0.999998,
34725861,42031158,0.731059,
34739117,37489525,0.731059,
34752262,6093316,0.731059,
34757137,24560307,0.731059,
34762920,5532320,0.731059,
34786988,3489194,0.731059,
34786988,9787757,0.731059,
34819734,9787757,0.731059,
34823916,27654303,0.731059,
34823916,35907669,0.731059,
34823916,41609076,0.731059,
34837037,9787757,0.982014,
3483944,206084,0.731059,
34855687,11176360,0.731059,
34856295,11176360,0.731059,
34856295,34855687,0.731059,
34856295,9787757,0.731059,
34869070,9787757,0.731059,
34870728,24829371,0.731059,
34876145,22736886,0.731059,
34876145,3342055,0.856536,
3489194,19832415,0.982014,
3489194,37489525,0.731059,
3489194,5532320,0.731059,
349241,9787757,0.731059,
34927706,22737329,0.982014,
34927706,22737333,0.997527,
34927706,22737337,0.880797,
34927706,9787757,0.731059,
34927908,30388450,0.880797,
34935988,12048721,0.731059,
34935988,25837286,0.731059,
34935988,4039952,0.731059,
35026890,24560307,0.731059,
35051490,33934269,0.731059,
35098176,27788951,0.731059,
35104756,9787757,0.982014,
35120039,22355214,0.731059,
35210580,36817565,0.880797,
35229527,25312483,0.731059,
35243730,34294743,0.731059,
35294259,10697582,0.993307,
35294259,9787757,0.731059,
35307583,29434046,0.982014,
35312458,24560307,0.731059,
35312458,47372003,0.731059,
35440649,13124802,0.731059,
35446456,943149,0.731059,
35452812,29028775,0.731059,
3548158,1052675,0.731059,
35489567,9787757,0.731059,
35517126,11289812,0.993307,
35520464,34013728,0.731059,
35520464,34429296,0.731059,
35520464,5532320,0.731059,
35520634,29891188,0.731059,
35562367,893522,0.731059,
35563024,24871990,0.999877,
35563024,36519040,0.952574,
35563024,41826844,0.731059,
355634,18410674,0.731059,
35573790,34105868,0.731059,
35573790,34762920,0.982014,
3557653,2968000,0.731059,
3557653,31492490,0.865362,
355893,9787757,0.731059,
35597922,32707901,0.731059,
35640229,20929025,0.731059,
35640229,9787757,0.731059,
35648870,24829371,0.731059,
35648870,34870728,0.731059,
35690871,34105868,0.731059,
35745334,12048721,0.731059,
357681,9787757,0.731059,
3582725,4635510,0.731059,
3583552,3758878,0.731059,
35866370,39642930,0.731059,
35907669,34823916,0.731059,
35911376,30081396,0.731059,
3594497,17508889,0.731059,
3594497,19133426,0.731059,
3594497,9787757,0.731059,
35967803,32954806,0.731059,
35969237,15045751,0.952574,
35978199,31315021,0.952574,
36058442,9787757,0.731059,
3606738,2729788,0.805928,
3606738,7921466,0.880797,
36099221,33148320,0.880797,
36099221,9787757,0.999983,
3610049,6796445,0.731059,
36190323,6498492,0.731059,
3620194,9787757,0.731059,
3623050,14159669,0.731059,
3623050,23623214,0.989771,
3623050,9787757,0.731059,
36231837,1424470,0.731059,
3626679,9787757,0.880797,
3629537,206084,0.952574,
3629537,9787757,0.952574,
36315010,36316259,0.731059,
3631697,9787757,0.880797,
363387,238972,0.731059,
363387,238986,0.856536,
363387,9787757,0.731059,
36357298,23059575,0.731059,
36371959,16180517,0.731059,
36388645,29028775,0.731059,
36388645,3214406,0.880797,
3638964,10247874,0.999938,
3638964,24474126,0.993307,
3638964,24474138,0.731059,
3638964,9787757,0.731059,
36420691,714074,0.731059,
36463164,18777006,0.731059,
36463352,23403252,0.993307,
36517670,10312708,0.731059,
36519040,35563024,0.999983,
36535156,22046023,0.731059,
36535156,24560307,0.731059,
36535156,38565895,0.880797,
36535156,38952298,0.731059,
36580101,21233191,0.731059,
366200,7613257,0.731059,
3662176,16008423,0.841816,
36653430,14125254,0.731059,
36661850,17728164,0.731059,
36661850,206084,0.731059,
36662620,33120392,0.731059,
36681087,734934,0.997527,
36683926,24560307,0.731059,
36683926,734934,0.880797,
3672542,138312,0.731059,
36754446,26235440,0.880797,
36777614,14089735,0.731059,
3678731,16665655,0.731059,
3678731,321278,0.731059,
3678731,9787757,0.731059,
36789116,16752620,0.880797,
36817565,35210580,1.000000,
36831081,10041891,0.731059,
36835663,943149,0.880797,
36837280,15350898,0.731059,
36843396,10755256,0.731059,
36859528,21386310,0.731059,
36859608,29849956,0.731059,
36883823,11061773,0.731059,
36883823,34262857,0.880797,
36891867,14089735,0.731059,
36895421,32897150,0.880797,
36895421,33653575,0.880797,
36895421,33653601,0.731059,
36898319,23116127,0.731059,
36900260,26509369,0.982014,
36934428,529502,0.731059,
36960293,15693680,0.731059,
36960293,28366058,0.731059,
36960293,36960321,1.000000,
36960293,39969450,0.993307,
36960321,15693680,0.731059,
36960321,36960293,1.000000,
36960321,7691631,0.952574,
36976386,18981255,0.731059,
37079565,27713859,0.731059,
37082871,943149,0.880797,
37093142,19360616,0.731059,
37093142,31046054,0.731059,
37154906,3638964,0.731059,
3720567,108278,0.731059,
3720591,108278,0.731059,
3720815,108278,0.731059,
3720966,9787757,0.731059,
37219287,2665618,0.880797,
37232897,18421590,0.731059,
37288886,20580498,0.731059,
37291353,9384267,0.731059,
37291353,9787757,0.731059,
37301843,36747447,0.731059,
3731016,9214768,0.731059,
37382858,488514,0.731059,
37385246,596892,0.731059,
37385246,997338,0.731059,
37448451,44984368,0.731059,
3745077,9787757,0.880797,
37462194,44370687,0.731059,
37489525,17689377,0.731059,
37489525,34739117,0.880797,
37489525,9787757,0.731059,
37559299,943149,0.731059,
3757512,9787757,0.880797,
3757512,9996255,0.731059,
37584261,29946971,0.880797,
37584295,29946971,0.731059,
37584317,29946971,0.731059,
37584461,29946971,0.982014,
3758878,5476048,0.731059,
37651478,21233191,0.731059,
37690,9787757,0.880797,
37693926,6082996,0.731059,
37785462,7691631,0.731059,
37811967,29946971,0.982014,
37852852,3214406,0.731059,
3786218,9787757,0.731059,
37931301,31404632,0.731059,
37931301,4128353,0.731059,
37959073,893522,0.731059,
3796237,9787757,0.731059,
37993459,9787757,0.999998,
38003903,24560307,0.731059,
38003903,41516944,0.731059,
38011696,32351642,0.952574,
3807749,3812481,0.731059,
380961,1211978,0.731059,
380961,3678731,0.731059,
380961,9787757,0.880797,
38101769,27788951,0.952574,
38126184,33148320,0.731059,
38126184,39923176,0.731059,
3813151,9787757,0.731059,
38133364,39266291,0.731059,
38144492,27804716,0.999877,
381979,2560988,0.731059,
3824442,30776365,0.731059,
3824442,3885202,0.731059,
38273206,11167738,0.731059,
38273403,36747447,0.731059,
38273403,5710341,0.731059,
38273403,943149,0.880797,
38276094,20580498,0.731059,
38307428,40508605,0.731059,
38370963,4287066,0.731059,
3838278,321278,0.731059,
38386462,11061773,0.731059,
38394701,19872456,0.731059,
38434858,1460385,0.880797,
38506271,8271291,0.731059,
3857240,9787757,0.731059,
38640773,943149,0.880797,
38668850,29946971,0.952574,
3867127,35563024,0.731059,
3867127,9787757,0.731059,
38696867,29268051,0.731059,
38711355,27804716,1.000000,
38760297,7994556,0.731059,
3877327,17761383,0.731059,
38849467,21399598,0.731059,
3885202,30776365,0.731059,
3885202,9787757,0.731059,
38863124,24560307,0.731059,
38896202,19018601,0.731059,
38952298,19872456,0.731059,
38982731,12888993,0.880797,
39003227,2351384,0.880797,
39003227,39006903,0.731059,
39006903,39003227,0.880797,
39006903,39006836,0.731059,
39009740,19745004,0.880797,
39009740,20558462,0.731059,
39030254,2203645,0.982014,
39030254,6612466,0.731059,
390510,9787757,0.731059,
39073784,1440272,0.731059,
39073784,14430294,0.952574,
3910314,3989388,0.731059,
39105347,27549019,0.731059,
3910945,7223566,0.731059,
3911317,9787757,0.731059,
39152400,943149,0.993307,
39156591,20580498,0.731059,
39156591,29925961,0.731059,
39161943,10270250,0.731059,
39164702,1844194,0.880797,
39164702,33389183,0.731059,
39178161,28796010,0.731059,
39211337,26507037,0.731059,
39266291,22737333,0.880797,
39266291,38133364,0.731059,
392785,9787757,0.731059,
39316027,19872456,0.880797,
39467743,29561893,0.731059,
39492526,11061773,0.731059,
3955647,9787757,0.880797,
39586144,3301400,0.731059,
39595597,23096959,0.731059,
39640909,6729631,0.982014,
39642930,35866370,0.731059,
39643904,21641241,0.731059,
39659730,106310,0.731059,
3983388,9787757,0.880797,
39858489,12898486,0.731059,
3988342,9787757,0.952574,
39909775,40924266,0.731059,
39916403,7530570,0.731059,
39923176,33148320,0.880797,
39923176,36099221,0.731059,
39969450,27051771,0.731059,
39981240,44566613,0.731059,
39994294,34315331,0.731059,
4000279,27888295,1.000000,
4000279,38144492,0.990551,
40022724,29028775,0.731059,
40042361,12450349,0.731059,
40053602,29891188,0.731059,
400664,11545928,0.731059,
400664,34876145,0.880797,
4007018,12467623,0.731059,
4007018,258750,0.731059,
4007018,9787757,0.731059,
40137474,206084,0.731059,
40150496,32355438,0.731059,
4015965,167174,0.731059,
40177216,28305425,0.731059,
40212760,17528018,0.952574,
40225364,21233191,0.880797,
40233846,24773848,0.731059,
4025121,16851127,0.880797,
4025121,29728425,0.731059,
4025121,33653617,0.731059,
40254129,2183193,0.880797,
40254610,203666,0.731059,
40320893,3314,0.731059,
4037197,19832415,0.952574,
4039952,19382615,0.731059,
4039952,9787757,0.731059,
40446004,4025121,0.731059,
4046291,3444030,0.731059,
4046291,4056288,0.731059,
40508605,24560307,0.731059,
40508605,29028775,0.731059,
40508605,36469177,0.731059,
40508605,3678731,0.731059,
40508605,40213252,0.731059,
40508605,40555844,0.982014,
40508605,40947810,0.731059,
40518025,40555844,0.731059,
40555844,40508605,0.997527,
4056288,2863853,0.805928,
4059138,12785038,0.731059,
40663325,19745004,0.731059,
40686014,20580498,0.982014,
40686014,5672873,0.731059,
4077502,108278,0.731059,
4079740,9787757,0.880797,
40804661,22355214,0.731059,
40880507,7896002,0.952574,
4090287,9787757,0.731059,
40924266,39909775,0.731059,
40947810,40508605,0.880797,
4106792,206084,0.993307,
4106792,3483944,0.999935,
4106792,3731016,0.805928,
4106792,8730949,0.731059,
4106792,9787757,0.731059,
4110016,25274085,0.731059,
4110016,29300004,0.731059,
4110016,9787757,0.731059,
41116814,42488903,0.731059,
41162747,25126616,0.731059,
41269908,14089735,0.731059,
4128353,11545928,0.731059,
4128353,321278,0.731059,
4128353,3342055,0.731059,
4128353,9787757,0.731059,
4129065,206084,0.731059,
41330463,39840932,1.000000,
4137249,39073784,0.731059,
4137249,9787757,0.880797,
41384605,23165881,0.880797,
41394410,41394408,0.731059,
41429853,42252197,0.880797,
41459654,41459961,0.999665,
41516944,24560307,0.880797,
41516944,34757137,0.731059,
41516944,41835935,0.731059,
41557420,14169882,0.880797,
41557420,27783162,0.993307,
41557420,27788951,0.997527,
41557420,27804716,0.999983,
41557420,27828339,1.000000,
41557420,38101769,0.731059,
41557420,38711355,0.999999,
41607866,18708438,0.731059,
41609076,27654303,0.952574,
41642019,27776551,0.880797,
4164482,9787757,0.731059,
41646393,23403252,0.731059,
41646393,41642019,0.731059,
41696416,28457823,0.731059,
417389,132108,0.731059,
417389,9787757,0.880797,
41740912,39909775,0.731059,
41756998,37489525,0.982014,
4176043,3342055,0.731059,
41766002,943149,0.731059,
41826844,24871990,0.731059,
41826844,32475785,0.731059,
41826844,35563024,0.731059,
41835935,41516944,0.731059,
41869823,33401957,0.731059,
41881900,20929025,0.999955,
41881900,44264925,0.982014,
41881900,48058516,0.731059,
41881900,781028,0.731059,
41881900,9384267,0.731059,
41917698,21160389,0.880797,
4197769,9787757,0.731059,
42004446,19872456,0.731059,
42031158,42834507,0.731059,
42054649,33370332,0.731059,
42054649,44262636,0.731059,
4206587,2081289,0.731059,
42106842,8745199,1.000000,
4210958,9787757,0.731059,
42122684,34876145,0.731059,
4216175,9787757,0.731059,
4222911,9787757,0.731059,
42245715,6498492,0.731059,
42252197,41429853,0.952574,
42292249,8634788,0.731059,
42318856,13078968,0.731059,
42364482,32024574,0.880797,
42446752,17582613,0.731059,
42488903,41116814,0.731059,
42546102,5312648,0.731059,
42547221,43558392,0.731059,
42551686,36960293,0.731059,
42551686,36960321,0.731059,
4262493,9787757,0.997527,
42657936,10247874,0.731059,
4268140,1424470,0.952574,
4268140,29996513,0.805928,
4268140,9787757,0.731059,
42739847,4039952,0.952574,
42742748,34495913,0.731059,
42757577,23499637,0.731059,
4279682,321278,0.880797,
42838749,27654303,0.731059,
42856902,30891787,0.731059,
4287066,23384500,0.880797,
42875638,13599100,0.731059,
42875638,34138622,0.731059,
42875638,42875798,0.982014,
42875798,33653601,0.731059,
42875798,42875638,1.000000,
42949529,5777189,0.731059,
42970270,28062827,0.731059,
4297273,12646044,0.731059,
4297273,29028775,0.841816,
43036442,10270250,0.731059,
43170632,41935929,0.731059,
43191201,34138622,0.731059,
43281905,7691631,0.880797,
4330620,321278,0.731059,
4331833,9787757,0.731059,
43330318,206084,0.731059,
43341478,11778024,0.731059,
4334538,184460,0.731059,
43405650,29946971,0.999955,
43480269,108278,0.731059,
43506004,14135470,0.880797,
43506004,19387849,0.731059,
43527860,27442967,0.731059,
43679920,31790386,0.731059,
4380969,9787757,0.731059,
43814778,5839692,0.880797,
43842853,33653601,0.731059,
44122893,8633551,0.731059,
4423776,9787757,0.880797,
44262636,25312483,0.731059,
44262636,33370332,0.880797,
44264925,41881900,0.880797,
4434126,168370,0.731059,
4434126,9787757,0.731059,
4435792,9787757,0.997527,
44370687,37462194,0.731059,
44566613,44566634,0.731059,
44566634,24560307,0.731059,
44570093,7691631,0.731059,
44570556,7691631,0.731059,
446086,1717192,0.731059,
44631991,658518,0.731059,
44654569,6975711,0.731059,
44678874,1451352,0.731059,
4468112,206084,0.731059,
44689601,35640229,0.731059,
447036,206084,0.731059,
447036,37489525,0.731059,
447036,42929952,0.805928,
447036,9787757,0.982014,
447184,1252,0.731059,
447184,238972,0.880797,
447184,363387,0.731059,
447184,9787757,0.731059,
44746588,2067253,0.731059,
4493652,6804324,0.731059,
44977718,43681209,0.731059,
44977718,45391877,0.731059,
44984368,37448451,0.731059,
4514536,4597760,0.731059,
45187834,5853229,0.731059,
45187834,931135,0.731059,
45251488,34139070,0.731059,
45251488,40261353,0.880797,
45296292,34105868,0.731059,
45393266,6498492,0.731059,
45547,9787757,0.952574,
4555644,9787757,0.731059,
455600,9787757,0.731059,
45704630,11589713,0.731059,
45717250,20773773,0.997527,
45717250,23357588,0.731059,
45727237,33015583,0.731059,
4580780,9787757,0.982014,
4585757,2510503,0.731059,
4591033,9787757,0.999983,
4597815,4597760,0.731059,
460078,12169108,0.731059,
460078,12256376,0.731059,
460078,24195339,0.880797,
460078,321278,0.731059,
46047805,3301400,0.731059,
46128002,32023078,0.731059,
46187814,41881900,0.731059,
4635510,3638964,0.731059,
4637221,13807606,0.731059,
46474436,15155534,0.731059,
4648505,13384052,0.731059,
4648505,363387,0.880797,
4648505,9787757,0.880797,
4669064,873328,0.731059,
46723165,2183193,0.731059,
46865435,8711353,0.880797,
4704710,1460385,0.731059,
47087,203666,0.880797,
4723248,1200050,0.731059,
4723248,15404425,0.805928,
4723248,16501535,0.731059,
4723248,2203645,0.805928,
4723248,34876145,0.731059,
4723248,9787757,0.731059,
47372003,24560307,0.731059,
4738266,9787757,0.880797,
4739298,7691631,0.731059,
4743255,3989388,0.731059,
47531189,7910045,0.731059,
478584,9787757,0.731059,
478996,9787757,0.880797,
48058516,41881900,0.731059,
481872,3638964,0.731059,
481872,4056288,0.731059,
481872,9787757,0.880797,
486550,9787757,0.880797,
4875730,8629417,0.731059,
4878628,9787757,0.731059,
488514,8514,0.952574,
488514,9787757,0.880797,
4950187,7691631,0.731059,
4973784,3308958,0.880797,
4973784,38187960,0.862183,
4981792,108278,0.731059,
4983184,931135,0.952574,
501326,259691,0.731059,
501687,9787757,0.731059,
507,9787757,0.731059,
507775,1090311,0.982014,
507775,206084,0.982014,
507775,2916712,0.952574,
507775,29201308,0.731059,
507775,507775,0.976119,
507775,7718287,0.856536,
507775,9787757,0.731059,
5108029,5108051,0.731059,
5108051,12756992,0.993307,
5108051,5108029,0.731059,
512295,6296790,0.880797,
5151909,9787757,0.731059,
5187096,321278,0.731059,
5187096,34876145,0.731059,
5187096,9787757,0.731059,
521583,18863040,0.731059,
5225735,9787757,0.880797,
5254650,25312483,0.731059,
5254650,35229527,0.731059,
5254650,42054649,0.952574,
5254650,9787757,0.880797,
5262776,9787757,0.731059,
5266,8514,0.731059,
5266,9787757,0.731059,
527644,321278,0.731059,
527644,929845,0.731059,
5282596,11002815,0.731059,
5282596,1385122,1.000000,
5282596,15884459,0.731059,
528847,15045751,0.731059,
529502,1446467,0.731059,
5298790,15189073,0.880797,
5298790,46474436,0.880797,
5298790,9787757,0.880797,
5303123,33653617,0.731059,
5312648,15884459,0.880797,
5312648,5282596,0.731059,
5312648,9787757,0.880797,
5317353,9787757,0.982014,
5346495,9787757,0.731059,
535712,9787757,0.880797,
5400018,9787757,0.731059,
5405654,29028775,0.731059,
5474834,1460385,0.731059,
5474834,7789923,0.731059,
5483330,9787757,0.731059,
5497,32104924,1.000000,
5532320,14120618,0.952574,
5532320,25003905,0.952574,
5532320,30982112,0.952574,
5532320,33507463,0.999955,
5532320,34129761,0.731059,
5532320,34133681,0.731059,
5532320,34139070,0.880797,
5532320,34276372,0.731059,
5532320,34294743,0.880797,
5532320,34355781,0.952574,
5532320,34429296,0.880797,
5532320,34762920,0.880797,
5532320,35310228,0.731059,
5532320,35520464,0.731059,
5532320,35573790,0.952574,
5532320,7804910,1.000000,
5532320,8514,0.880797,
5532320,9787757,0.880797,
5548784,9787757,0.731059,
5550567,5550623,0.731059,
5550567,9787757,0.880797,
5568076,5672873,0.731059,
5569059,22355214,0.731059,
5577220,247278,0.731059,
557980,13527761,0.731059,
5612317,9787757,0.952574,
5617672,9787757,0.731059,
5625,106995,0.731059,
5625,8514,0.731059,
566073,34876145,0.731059,
5672873,5568076,0.880797,
5672873,9787757,0.993307,
5694513,9787757,0.731059,
5710341,15495333,0.731059,
5710341,167174,0.880797,
5710341,321278,0.731059,
5710341,9787757,0.731059,
5710341,9986619,0.731059,
5731348,11403699,0.993307,
5731348,1385122,0.880797,
5731348,9787757,0.880797,
5775917,9787757,0.731059,
5776030,43160685,0.731059,
5777189,11969507,0.731059,
5786856,2310495,0.731059,
5801666,1446467,0.731059,
5801666,9787757,0.731059,
5806764,5806776,0.731059,
5806776,5806764,0.731059,
5806776,9787757,0.731059,
5811958,9787757,0.731059,
5830987,9787757,0.731059,
5839692,34876145,0.731059,
5853229,45187834,1.000000,
5853229,931135,0.731059,
587923,9787757,0.731059,
588600,8514,0.731059,
588600,9787757,0.731059,
5888353,771016,0.731059,
5888353,9787757,0.731059,
5932749,24331457,0.731059,
5932749,9787757,0.731059,
5952670,16180304,0.731059,
5952670,36371959,0.916686,
5952670,9787757,0.731059,
596892,6452529,0.731059,
596892,9787757,0.731059,
597879,321278,0.731059,
597879,9787757,0.731059,
599695,18609427,0.731059,
599695,9787757,0.731059,
6015874,9787757,0.731059,
6049573,9787757,0.731059,
6059135,6059122,0.731059,
606956,9787757,0.880797,
6082996,9787757,0.731059,
6093316,10270250,0.731059,
6093316,20929025,0.999877,
6093316,33941273,0.805928,
6093316,9393759,0.731059,
6093316,9787757,0.731059,
6093450,263379,0.880797,
610292,8100172,0.731059,
611333,3342055,0.731059,
611921,308770,0.731059,
611921,8514,0.731059,
611921,9787757,0.880797,
612587,5672873,0.731059,
614070,488514,0.731059,
614070,9787757,0.731059,
616448,9787757,0.731059,
6182721,3149845,0.731059,
6209952,9787757,0.880797,
6235174,16008423,0.731059,
6235174,2508083,0.805928,
6235174,9787757,0.731059,
6246304,3662176,0.952574,
6248645,24516568,0.731059,
6248645,28710753,0.731059,
6287880,2725544,0.731059,
6296790,2055965,0.731059,
6296790,9787757,0.731059,
632007,9787757,0.731059,
6344602,2410676,0.731059,
6358188,12418525,0.731059,
6394704,9787757,0.731059,
6404963,9787757,0.731059,
640534,3659275,0.880797,
641512,4989235,0.731059,
641512,9787757,0.731059,
6452529,9787757,0.731059,
6486826,9787757,0.731059,
6498492,9787757,0.731059,
6506651,34876145,0.731059,
6506651,9787757,0.731059,
652386,675247,0.731059,
65252,11980558,0.731059,
65252,16243570,0.731059,
65252,41646393,0.731059,
65252,7253769,0.731059,
65252,9787757,0.731059,
6543378,16384837,0.940231,
6543378,19939216,0.880797,
6543378,9787757,0.731059,
654608,9787757,0.999089,
6547965,12359519,0.805928,
6547965,993110,0.731059,
6578551,8100172,0.880797,
6578551,9787757,0.731059,
658518,11391151,0.731059,
658518,1385122,0.731059,
658518,14993021,0.731059,
658518,33653575,0.952574,
658518,33653601,1.000000,
658518,33653617,0.731059,
658518,33653652,0.952574,
658518,33655518,0.952574,
658518,33655535,0.731059,
658518,34138622,0.982014,
658518,42875638,0.865074,
658518,9787757,0.731059,
6604361,9787757,0.731059,
6607925,6659004,0.731059,
6607925,9787757,0.731059,
6612466,2203645,0.880797,
6612466,39030254,0.916686,
6644549,2750721,0.731059,
6659004,6607925,0.952574,
6660536,13934856,0.999665,
6660536,24560307,0.865468,
6660536,6804324,0.805928,
6660536,9787757,0.731059,
666566,8133216,0.731059,
6668676,9787757,0.952574,
6670942,1844194,0.982014,
6670942,2410676,0.916686,
6670942,24774658,0.880797,
6670942,6780767,0.880797,
6687522,206084,0.880797,
671825,501326,0.999999,
671825,729744,0.982014,
671825,9787757,0.731059,
6729631,39640909,0.880797,
675247,184460,0.731059,
6762869,1844194,0.982014,
6766558,9787757,0.731059,
6780767,6670942,0.982014,
6796445,3610049,0.731059,
6804779,13527761,0.731059,
6838921,20580498,0.880797,
6838921,33822149,0.731059,
6838921,7691631,0.731059,
6855801,9787757,0.731059,
6862780,143580,0.731059,
6884828,123299,0.731059,
6884828,9787757,0.731059,
6899875,9787757,0.731059,
6907993,9787757,0.952574,
692528,9787757,0.731059,
6975711,44654569,0.731059,
7045004,10033465,0.731059,
7056202,9787757,0.731059,
7083240,9787757,0.731059,
7083242,2114213,0.731059,
7083242,23096959,0.880797,
7083242,9787757,0.731059,
71019,9787757,0.731059,
714074,12225546,0.880797,
714074,6093316,0.731059,
714074,9787757,0.731059,
7177096,15870488,0.731059,
7177096,9787757,0.731059,
7192181,9787757,0.731059,
7209439,9787757,0.731059,
7212432,9787757,0.731059,
722201,9787757,0.880797,
7251076,2983241,0.731059,
7253769,17303641,0.731059,
7253769,9787757,0.731059,
7262203,8077957,0.880797,
72690,9787757,0.731059,
728994,501326,0.731059,
729744,206084,0.991004,
729744,671825,0.999998,
729744,9787757,0.880797,
730070,9787757,0.993307,
7344953,9787757,0.731059,
734934,24331457,0.880797,
734934,26884724,0.993307,
734934,27591558,0.997527,
734934,28568087,0.880797,
734934,36681087,0.731059,
734934,36683926,0.982014,
734934,9787757,0.731059,
735498,184460,0.731059,
7362671,9787757,0.731059,
7363211,27790033,0.805928,
7363211,3370128,0.731059,
7363211,8594752,0.731059,
7363211,9787757,0.731059,
7390235,771016,0.731059,
7394347,9787757,0.880797,
7411076,4095287,0.731059,
7458003,9787757,0.731059,
7467217,321278,0.731059,
7467217,9787757,0.731059,
747698,167174,0.731059,
747698,3678731,0.952574,
7480345,9787757,0.731059,
749137,1064563,0.731059,
7508411,9787757,0.731059,
7512484,5298790,0.731059,
7512484,9787757,0.731059,
7551773,25033964,0.731059,
75547,9787757,0.952574,
757363,167174,0.731059,
757363,9787757,0.999877,
7586424,9787757,0.731059,
7586424,9996255,0.952574,
7613257,21233191,0.731059,
7613257,25993378,0.731059,
7613257,9787757,0.731059,
7639232,6094683,0.731059,
7639232,9787757,0.731059,
764708,9787757,0.731059,
7653178,9787757,0.731059,
7691631,10247874,0.731059,
7691631,15045751,0.731059,
7691631,17053199,0.731059,
7691631,19360616,0.993307,
7691631,23059575,0.731059,
7691631,23096959,0.982014,
7691631,23404839,0.731059,
7691631,26509369,0.731059,
7691631,27494663,0.993307,
7691631,28366058,0.999089,
7691631,31046054,1.000000,
7691631,31340566,0.731059,
7691631,33866783,0.999935,
7691631,36357298,0.967294,
7691631,36960293,0.841816,
7691631,36960321,1.000000,
7691631,37093142,0.731059,
7691631,43330318,0.862183,
7691631,45704630,0.996486,
7691631,6838921,0.999977,
7691631,7639232,0.841816,
7691631,9787757,0.731059,
7705565,3195124,0.731059,
770744,488514,0.880797,
771016,24774658,0.880797,
771016,5888353,0.731059,
771016,9787757,0.731059,
7713151,206084,0.731059,
7718287,42929952,0.999983,
7748227,447036,0.880797,
7751264,1460385,0.731059,
7760890,9787757,0.731059,
7764559,9787757,0.731059,
777444,9787757,0.731059,
7786818,9787757,0.731059,
7789923,17157565,0.856536,
7789923,29028775,0.731059,
7789923,5474834,0.731059,
7792553,12067406,0.731059,
7804910,33507463,0.982014,
7804910,34429296,0.731059,
7804910,35573790,1.000000,
7804910,9787757,0.731059,
7807399,20665349,0.731059,
781028,24560307,0.731059,
781028,9787757,0.731059,
7827564,42929964,0.999665,
7827564,7718287,0.731059,
7833168,507775,0.982014,
7833168,6498492,0.731059,
7833168,9787757,0.731059,
7873535,9787757,0.880797,
7876204,9787757,0.731059,
788264,263379,0.731059,
788264,9787757,0.731059,
7887296,9787757,0.731059,
790359,9787757,0.731059,
7910045,948957,0.731059,
7910045,9787757,0.731059,
7918325,2665618,0.731059,
7921466,3606738,0.731059,
79352,168370,0.731059,
79352,9787757,0.731059,
7968417,9787757,0.731059,
79712,9787757,0.880797,
7994556,24833922,0.880797,
7994556,26931359,0.880797,
8039659,865412,0.731059,
8043756,10256919,0.731059,
8043756,38388440,1.000000,
8044474,9787757,0.731059,
8049897,6235174,0.731059,
8077760,9787757,0.952574,
8077957,7262203,0.880797,
8100172,993110,0.880797,
81384,9787757,0.982014,
8201256,9787757,0.731059,
8266573,9787757,0.952574,
8271291,9787757,0.731059,
827590,2410676,0.731059,
8276387,9787757,0.731059,
8277372,24774658,0.731059,
8290123,9787757,0.880797,
8347839,9787757,0.731059,
8365542,12888993,0.731059,
8411137,8432681,0.993307,
841835,1446467,0.731059,
841835,15830664,0.880797,
841835,28710753,0.731059,
843222,1460385,0.880797,
843222,18031064,0.731059,
843222,9787757,0.731059,
8432681,8411137,0.731059,
8444568,21923259,0.731059,
8444568,37489525,0.731059,
847885,9787757,0.880797,
847957,1362490,0.731059,
847957,2410676,0.731059,
84822,9787757,0.731059,
8486799,10067157,0.731059,
8486799,3757512,0.731059,
8486799,6093316,0.939943,
8486799,9787757,0.982014,
8514,168370,0.731059,
8514,27,0.731059,
8514,29253597,0.731059,
8514,308770,0.841816,
8514,32104924,0.880797,
8514,392785,0.731059,
8514,42054649,0.731059,
8514,79352,0.731059,
8514,9787757,0.731059,
854078,9787757,0.731059,
8556864,20884782,0.952574,
8569918,9787757,0.731059,
858127,1844194,0.731059,
858127,27790033,0.731059,
858127,3080613,0.805928,
858127,9787757,0.880797,
8594752,7363211,0.731059,
86149,9787757,0.731059,
8629417,16286131,0.952574,
8629417,18402447,0.731059,
8629417,2725544,0.967294,
8629417,9469271,0.731059,
8629417,9787757,0.731059,
8634788,1607357,0.731059,
8635901,5932749,0.731059,
8665467,9787757,0.731059,
867564,9787757,0.731059,
869754,19994257,0.880797,
8710321,9787757,0.997527,
8711353,10969551,0.952574,
8711353,16469697,0.996654,
8711353,16831466,0.999089,
8711353,46865435,0.731059,
8711354,9787757,0.731059,
8715146,15426083,0.731059,
8715146,20460946,0.731059,
8715146,321278,0.952574,
8739960,465681,0.731059,
8745199,5806776,0.731059,
8745199,9787757,0.731059,
8763604,4989235,0.731059,
8779606,9787757,0.731059,
8792127,9787757,0.880797,
890377,28710753,0.731059,
890377,9787757,0.731059,
8941695,658518,0.731059,
895341,24829371,0.731059,
895341,33389183,0.731059,
895341,6235174,0.731059,
8962829,10064545,0.880797,
8962829,11621778,0.997527,
8962829,12716501,0.731059,
8962829,13429048,0.952574,
8962829,14169882,1.000000,
8962829,1424470,0.880797,
8962829,19843509,0.982014,
8962829,20929025,0.731059,
8962829,23974149,0.880797,
8962829,2476855,0.731059,
8962829,43842853,0.731059,
8962829,4723248,0.731059,
8962829,6093316,0.731059,
8962829,9787757,0.731059,
8966356,9787757,0.731059,
9004241,9787757,0.731059,
9008200,9787757,0.731059,
9018691,10851820,0.880797,
9029977,9787757,0.731059,
9060347,9787757,0.731059,
9061947,481872,0.880797,
9064487,1362490,0.731059,
9064487,2410676,0.880797,
9085509,3731016,0.731059,
9090937,9787757,0.880797,
9094192,37489525,0.880797,
909933,3314,0.880797,
910744,910757,0.731059,
910744,9787757,0.731059,
910757,3314,0.731059,
911765,25252102,0.880797,
9118648,31734328,0.952574,
9118648,9384267,0.731059,
9120498,1020639,0.731059,
9120498,873328,0.731059,
9139165,40804661,0.731059,
9139165,8486799,0.976279,
9139165,9787757,0.731059,
9139165,9996255,0.731059,
9174191,507775,0.952574,
919161,30358412,1.000000,
919161,893522,0.731059,
919161,9787757,0.731059,
9207280,19076737,0.731059,
9207280,9787757,0.731059,
9214768,206084,0.982014,
9214768,3483944,0.731059,
9214768,3731016,0.731059,
9214768,4106792,0.880797,
9214768,507775,0.976284,
9214768,9787757,0.880797,
9244177,30541396,0.952574,
9252533,24560307,0.865074,
9252533,9787757,0.880797,
9257808,9750588,0.805928,
929845,39923176,0.952574,
929845,9787757,0.731059,
9301720,9787757,0.731059,
9309093,33745687,0.731059,
9309093,9787757,0.731059,
931039,9787757,0.880797,
931135,9787757,0.731059,
9325315,10126908,0.731059,
9325315,15426083,0.731059,
9325315,20460946,0.731059,
9325315,321278,0.982014,
9325315,34876145,0.731059,
9325315,8711353,0.731059,
9325315,8715146,0.952574,
9325315,9787757,0.731059,
9325315,9996255,0.976279,
9335660,9334445,0.731059,
9384267,34876145,0.731059,
9384267,35597922,0.880797,
9384267,9787757,0.731059,
9393759,9787757,0.880797,
9399334,3016562,0.731059,
9403933,9787757,0.731059,
943149,13124802,0.731059,
943149,36835663,0.982014,
943149,37082871,0.993307,
943149,37559299,0.982014,
943149,38273403,0.880797,
943149,38640773,0.993307,
943149,39152400,0.999998,
943149,9787757,0.731059,
9437879,27,0.731059,
9461481,11589713,0.731059,
9461481,28366058,0.731059,
9461481,7691631,0.731059,
9461481,9787757,0.997527,
9467421,1200050,0.731059,
946945,9037631,0.880797,
946945,9787757,0.731059,
9478219,30175039,0.731059,
9478219,9787757,0.731059,
9482875,9787757,0.731059,
948957,321278,0.731059,
9500075,18830277,0.731059,
9521528,9787757,0.731059,
952189,714074,0.940337,
952189,9787757,0.731059,
9530789,9787757,0.880797,
9534760,4128353,0.731059,
9568894,10035842,0.731059,
9568894,34138622,0.731059,
9568894,37489525,0.731059,
9568894,9787757,0.952574,
9580168,12499251,0.880797,
9583685,7480345,0.731059,
9603889,2540368,0.731059,
9615328,9787757,0.880797,
9729334,18863040,0.731059,
9730278,26063680,0.731059,
9750588,15901046,0.731059,
9787757,9787757,0.731059,
9824738,8863313,0.982014,
9831101,9787757,0.731059,
985260,24609401,0.731059,
9852918,9787757,0.731059,
986551,4095287,0.731059,
9879953,9787757,0.731059,
9887009,12359519,0.731059,
9896583,5532320,0.805928,
993110,19939216,0.731059,
993110,6547965,0.731059,
993110,9787757,0.731059,
9934972,6296790,0.731059,
9950667,15111821,0.731059,
9979119,32885727,0.731059,
9979119,9787757,0.997527,
9986619,5710341,0.880797,
9992330,9787757,0.731059,
9992805,108278,0.731059,
9992805,7691631,0.731059,
9994688,9787757,0.731059,
9996255,10067157,0.880797,
9996255,167174,0.916686,
9996255,19031487,0.972941,
9996255,22395078,0.952574,
9996255,6093316,0.731059,
9996255,8486799,0.880797,
9996255,873328,0.856536,
9996255,8962829,0.865526,
9996255,9139165,0.952574,
9996255,943149,0.805928,
9996255,9787757,0.880797,
9998516,9787757,0.731059,
